"Track URI","Track Name","Artist URI(s)","Artist Name(s)","Album URI","Album Name","Album Artist URI(s)","Album Artist Name(s)","Album Release Date","Album Image URL","Disc Number","Track Number","Track Duration (ms)","Track Preview URL","Explicit","Popularity","ISRC","Added By","Added At"
"spotify:track:0gv1TUgFI1H97yJ1uYcdfs","This Is The Best","spotify:artist:2gWNtwxO5mOAmjE8EWw2qt","USS (Ubiquitous Synergy Seeker)","spotify:album:32qm2HP8Zo7CLipIJIPN1p","Advanced Basics","spotify:artist:2gWNtwxO5mOAmjE8EWw2qt","USS (Ubiquitous Synergy Seeker)","2014-02-11","https://i.scdn.co/image/ab67616d0000b2739e49ab08b8157aeb5b8bb6e3","1","2","177147","https://p.scdn.co/mp3-preview/26c4a0748a064c8d5adafb43c9b73b71d727c337?cid=9950ac751e34487dbbe027c4fd7f8e99","true","45","CACN41300019","spotify:user:31eggmwgwd6b5f4672kiiveoehya","2022-12-20T10:47:30Z"
"spotify:track:07Hlhs0mImO07P2XhXvVxy","Blood Runs Red","spotify:artist:2Z6rBcka8huN62qUWwZSMF","78rpm","spotify:album:1f6dMiyBy6n5xFAiQusx3z","Friday Night Sessions","spotify:artist:2Z6rBcka8huN62qUWwZSMF","78rpm","2017-05-16","https://i.scdn.co/image/ab67616d0000b273a57c71fec5cc67c8500a35de","1","4","225124","https://p.scdn.co/mp3-preview/b00658373138688b95af04d50b695f324d7f453f?cid=9950ac751e34487dbbe027c4fd7f8e99","false","42","USQY51751748","spotify:user:31eggmwgwd6b5f4672kiiveoehya","2022-12-20T10:48:38Z"
"spotify:track:6t4S0PR3PVbQtfeBFGEP4Y","Rule The World","spotify:artist:1sYbTp9AgWvJb0mJBAB6eP","Valley Of Wolves","spotify:album:7tUIu3wrIJjAn8Kq30Gc0T","Out For Blood","spotify:artist:1sYbTp9AgWvJb0mJBAB6eP","Valley Of Wolves","2018-01-12","https://i.scdn.co/image/ab67616d0000b273099ed57cad287666543f26d9","1","1","209999","https://p.scdn.co/mp3-preview/23a38a347f4dbfc954d4546ef372a94b8a497f23?cid=9950ac751e34487dbbe027c4fd7f8e99","false","0","US43C1604912","spotify:user:31eggmwgwd6b5f4672kiiveoehya","2022-12-20T11:20:13Z"
"spotify:track:5WzgYEfub2pFJAAZfrOult","Summer Is a Curse","spotify:artist:6VsU92soWFLtVsSP65rkrN","The Faim","spotify:album:0C8bAFI1POhzztBVShuzll","State of Mind","spotify:artist:6VsU92soWFLtVsSP65rkrN","The Faim","2019-09-13","https://i.scdn.co/image/ab67616d0000b273ebf856ce6c34800888cc382c","1","3","181216","https://p.scdn.co/mp3-preview/5822c324055436503c24d3c625f6bb60dd6346e7?cid=9950ac751e34487dbbe027c4fd7f8e99","false","0","QMRSZ1800686","spotify:user:31eggmwgwd6b5f4672kiiveoehya","2022-12-20T11:20:59Z"
"spotify:track:54ARsEjoTSNclA5nOzHaux","I'm America","spotify:artist:5fpD3Iuy3RvPzcbWiekX7h","Cilver","spotify:album:7f1Ih0Oub7NJTsRjYSiQCr","Not The End Of The World","spotify:artist:5fpD3Iuy3RvPzcbWiekX7h","Cilver","2016-04-29","https://i.scdn.co/image/ab67616d0000b273687a9a380e50e7a0b3d92ac0","1","2","222173","https://p.scdn.co/mp3-preview/2c78f050f93d4c5aa653f697038cb8e9f6d6de19?cid=9950ac751e34487dbbe027c4fd7f8e99","false","0","USKO11502350","spotify:user:31eggmwgwd6b5f4672kiiveoehya","2022-12-20T11:21:19Z"
"spotify:track:6w7wydcuCM9IXYeZ2KFcZr","Defy Gravity","spotify:artist:1sYbTp9AgWvJb0mJBAB6eP","Valley Of Wolves","spotify:album:3hBg3DipUx7q0Z1AIpJ64s","Defy Gravity","spotify:artist:1sYbTp9AgWvJb0mJBAB6eP","Valley Of Wolves","2022-10-20","https://i.scdn.co/image/ab67616d0000b27393cb943f0622642238a04e7c","1","1","219493","https://p.scdn.co/mp3-preview/9065ac5431e1bd1a4fc539a1757cedd431071e6c?cid=9950ac751e34487dbbe027c4fd7f8e99","false","0","US43C1625849","spotify:user:31eggmwgwd6b5f4672kiiveoehya","2022-12-20T11:21:35Z"
"spotify:track:5sWrfb9vKQUnm2rSBbOSO4","Wolf","spotify:artist:6Fwq3TDWpMhcL1KTKVQiI8","Saint Asonia","spotify:album:12emOqzCBWE74T63XjZYF2","Wolf","spotify:artist:6Fwq3TDWpMhcL1KTKVQiI8","Saint Asonia","2022-10-21","https://i.scdn.co/image/ab67616d0000b273ed54c57adc36128483e3dabe","1","1","198750","https://p.scdn.co/mp3-preview/4bceec55ed02469dff1795fdc0cc15adc2c9c05b?cid=9950ac751e34487dbbe027c4fd7f8e99","false","0","GBUM72205702","spotify:user:31eggmwgwd6b5f4672kiiveoehya","2022-12-20T11:22:14Z"
"spotify:track:2j02RtZz6v53FRw4oWliZf","BURN IT","spotify:artist:1B0155rdv175D1tQ8VH7Oy","FEVER 333","spotify:album:5PvosHtqCuqLK8A131lGZf","STRENGTH IN NUMB333RS","spotify:artist:1B0155rdv175D1tQ8VH7Oy","FEVER 333","2019-01-18","https://i.scdn.co/image/ab67616d0000b27311a4db89b0021eb7e59c8c05","1","2","232053","https://p.scdn.co/mp3-preview/b58ab63ff4666e622ff0c593bec5257c13620578?cid=9950ac751e34487dbbe027c4fd7f8e99","false","52","NLA321800297","spotify:user:31eggmwgwd6b5f4672kiiveoehya","2022-12-20T11:24:01Z"
"spotify:track:6ldfbljsXS4kSuGxSvJTm1","Like a Nightmare","spotify:artist:7fBjvrS7ZTXcPYeCTDwWXG","Deadset Society","spotify:album:07Z1nkU8C1Cd6eNuTFihgp","Destroy + Rebuild","spotify:artist:7fBjvrS7ZTXcPYeCTDwWXG","Deadset Society","2017-07-12","https://i.scdn.co/image/ab67616d0000b27381fe29370220b0d33037c8f3","1","2","212826","https://p.scdn.co/mp3-preview/5e3bcca75fe23b89acfc90f0c78763f89ac47a29?cid=9950ac751e34487dbbe027c4fd7f8e99","false","45","CADRF1700002","spotify:user:31eggmwgwd6b5f4672kiiveoehya","2022-12-20T11:25:07Z"
"spotify:track:473xAny4InLJTlWnUNEwZq","Impossible","spotify:artist:4uOFEWy9mIcvQbr03IbPcL","Manafest","spotify:album:7f68ciNKoEoIcjYRKWz7Z5","Glory","spotify:artist:4uOFEWy9mIcvQbr03IbPcL","Manafest","2006","https://i.scdn.co/image/ab67616d0000b2731045ec0d6b9ca1152eaa9e11","1","4","238386","https://p.scdn.co/mp3-preview/01ff1aea73cce530a215e756fb05e201eeb0b3a2?cid=9950ac751e34487dbbe027c4fd7f8e99","false","1","TCAAY1175284","spotify:user:31eggmwgwd6b5f4672kiiveoehya","2022-12-20T11:25:31Z"
"spotify:track:4yTQN0qUifK0NyVhVOy4sL","Rawkfist","spotify:artist:6GfiCQDFYANz5wUkSmb3Dr","Thousand Foot Krutch","spotify:album:2W0NcLRNl60IDHL5WUgyjM","Phenomenon","spotify:artist:6GfiCQDFYANz5wUkSmb3Dr","Thousand Foot Krutch","2003-01-01","https://i.scdn.co/image/ab67616d0000b2739af264c72f603a1344dce6ad","1","5","160480","","false","46","USTN10320629","spotify:user:31eggmwgwd6b5f4672kiiveoehya","2022-12-20T11:25:56Z"
"spotify:track:5XUuldRjPXcP5QxyEN4IXT","Voices In My Head","spotify:artist:2CmaKO2zEGJ1NWpS1yfVGz","Falling In Reverse","spotify:album:7r9WVGq5YRQ4eeYUYzmk8b","Voices In My Head","spotify:artist:2CmaKO2zEGJ1NWpS1yfVGz","Falling In Reverse","2022-05-31","https://i.scdn.co/image/ab67616d0000b273338a7a86b31e1f3866fa91a8","1","1","191414","https://p.scdn.co/mp3-preview/8fb633f57041ccc16a74528c89fc7f0dcc268d00?cid=9950ac751e34487dbbe027c4fd7f8e99","true","65","USEP42231001","spotify:user:31eggmwgwd6b5f4672kiiveoehya","2022-12-20T11:27:23Z"
"spotify:track:33daQo3S8j2NcJstEHXwhQ","Pain","spotify:artist:2xiIXseIJcq3nG7C8fHeBj","Three Days Grace","spotify:album:4ohPMPeZukCChC6xNJpeYx","One-X","spotify:artist:2xiIXseIJcq3nG7C8fHeBj","Three Days Grace","2006-06-13","https://i.scdn.co/image/ab67616d0000b273fa4c18fdbd1bf1a39b7b794f","1","2","202973","https://p.scdn.co/mp3-preview/f0ff054f5ba3b1d14efdec7e63de828017c85808?cid=9950ac751e34487dbbe027c4fd7f8e99","false","67","USJI10600159","spotify:user:31eggmwgwd6b5f4672kiiveoehya","2022-12-20T11:27:37Z"
"spotify:track:3K7YN5yFIZFPTtSwXjpXHR","Foregone, Pt. 2","spotify:artist:57ylwQTnFnIhJh4nu4rxCs","In Flames","spotify:album:6xQGhi9dsEWYn8Jwj4MD9S","Foregone, Pt. 2","spotify:artist:57ylwQTnFnIhJh4nu4rxCs","In Flames","2022-11-07","https://i.scdn.co/image/ab67616d0000b2738cdb0aecd1f1a47ce60a8bbf","1","1","270454","https://p.scdn.co/mp3-preview/cdc63e66d150bd7cec44aff2a0c3785afa22ffdb?cid=9950ac751e34487dbbe027c4fd7f8e99","false","0","DED832200383","spotify:user:31eggmwgwd6b5f4672kiiveoehya","2022-12-20T11:27:53Z"
"spotify:track:0aNnH4S3hwkN6muAdwQEtY","Just Pretend (Acoustic)","spotify:artist:73YIx2qlVBlhjmFLSu9oB9, spotify:artist:2WQQRKpu2PMLsHSrUJmyCS","Crispin Earl, The Veer Union","spotify:album:6mhwwdzEg7SkAscavcM8bg","Just Pretend (Acoustic)","spotify:artist:2WQQRKpu2PMLsHSrUJmyCS","The Veer Union","2022-11-18","https://i.scdn.co/image/ab67616d0000b273c70b800ab6923f2ad57d45ba","1","1","165000","https://p.scdn.co/mp3-preview/322582ec347b52c82efdec0c411066903d436437?cid=9950ac751e34487dbbe027c4fd7f8e99","false","20","QZSYP2249533","spotify:user:31eggmwgwd6b5f4672kiiveoehya","2022-12-20T11:29:39Z"
"spotify:track:4UM5zrZzrLFNyMc6AluIE1","Walking Disaster","spotify:artist:0qT79UgT5tY4yudH9VfsdT","Sum 41","spotify:album:4c7DUgNmwI4KZ5fcUbFjYt","Underclass Hero","spotify:artist:0qT79UgT5tY4yudH9VfsdT","Sum 41","2007-01-01","https://i.scdn.co/image/ab67616d0000b273c43b41ad3a666a359d29d70a","1","2","286506","","false","48","USUM70740306","spotify:user:31eggmwgwd6b5f4672kiiveoehya","2022-12-20T11:30:51Z"
"spotify:track:0re2yzTlJP0EAmDQZZYq80","Kings","spotify:artist:0Nea5NjcBBNjn1B3LGPZv7","Clint Lowery","spotify:album:4XO8ZPGeLMV5E2A1Tj6OXv","God Bless The Renegades","spotify:artist:0Nea5NjcBBNjn1B3LGPZv7","Clint Lowery","2020-01-31","https://i.scdn.co/image/ab67616d0000b273a5a37c29bd87255248861115","1","3","247926","https://p.scdn.co/mp3-preview/20e004ad332c64cf5d05ea0920ecda0b1ee06296?cid=9950ac751e34487dbbe027c4fd7f8e99","false","0","QMRSZ1901626","spotify:user:31eggmwgwd6b5f4672kiiveoehya","2022-12-20T11:31:05Z"
"spotify:track:0DxN6Ywom8nnndyQXdSBPy","Breathing","spotify:artist:3zxKH0qp3nBCuPZCZT5Vaf","Yellowcard","spotify:album:24IBCzEJlHBI0ioxlSuSPA","Ocean Avenue","spotify:artist:3zxKH0qp3nBCuPZCZT5Vaf","Yellowcard","2003-01-01","https://i.scdn.co/image/ab67616d0000b273d1fd8f264564d9eef7617a45","1","2","218706","","false","66","USCA20300232","spotify:user:31eggmwgwd6b5f4672kiiveoehya","2022-12-20T11:31:16Z"
"spotify:track:6929TXMgqgRo8l9Qvlg5HW","Take the Ride","spotify:artist:0KDuKk6YdEu3hR56HtXmxt","Story Of The Year","spotify:album:2pULFuX837q71HjiBOLLXX","Take the Ride","spotify:artist:0KDuKk6YdEu3hR56HtXmxt","Story Of The Year","2022-11-23","https://i.scdn.co/image/ab67616d0000b273ecbc34a97b791e3d78d1ae4f","1","1","178318","https://p.scdn.co/mp3-preview/63ebf2ddc8bc2744c149749cf3dd7eea13e3011b?cid=9950ac751e34487dbbe027c4fd7f8e99","true","0","DED832200417","spotify:user:31eggmwgwd6b5f4672kiiveoehya","2022-12-20T11:31:27Z"
"spotify:track:2WO1QXoR1o0R1rYKAxF7Ya","Lost In Stereo","spotify:artist:46gyXjRIvN1NL1eCB8GBxo","All Time Low","spotify:album:7tY7NcC2gKTxXsTJM6zK5I","Nothing Personal (Deluxe Version)","spotify:artist:46gyXjRIvN1NL1eCB8GBxo","All Time Low","2009-07-07","https://i.scdn.co/image/ab67616d0000b27324889965c2b453cbd439a7f6","1","4","227466","https://p.scdn.co/mp3-preview/db9bb12a18c1868fefcb6fba5ba9c20600f72630?cid=9950ac751e34487dbbe027c4fd7f8e99","false","61","USHR20947004","spotify:user:31eggmwgwd6b5f4672kiiveoehya","2022-12-20T11:31:55Z"
"spotify:track:0VuZNtREeSwxasr5xgteHq","Kill Pop","spotify:artist:25xjytYjVKPvHiDIgrFodf","Future Leaders of the World","spotify:album:5Ro7CGInAkfpI3sGSOVY1O","LVL IV","spotify:artist:25xjytYjVKPvHiDIgrFodf","Future Leaders of the World","2004-10-05","https://i.scdn.co/image/ab67616d0000b2730be5803144126a8a1f4af2c3","1","4","225000","https://p.scdn.co/mp3-preview/d3ab667ef00ab738022218be99e4f23c48d729f4?cid=9950ac751e34487dbbe027c4fd7f8e99","true","35","USSM10315832","spotify:user:31eggmwgwd6b5f4672kiiveoehya","2022-12-20T11:32:12Z"
"spotify:track:1TSkL1eW6cOL3rJADl4E04","So Far, So Good","spotify:artist:5BKEV71K0K8ZhTbNRVRAXR","Silent Theory","spotify:album:7zX3KPTIqnpQgkXM7dBXi8","So Far, So Good","spotify:artist:5BKEV71K0K8ZhTbNRVRAXR","Silent Theory","2022-10-07","https://i.scdn.co/image/ab67616d0000b27362eaf9cce6a46b40ab4a9251","1","1","229965","https://p.scdn.co/mp3-preview/f5505d3f05292d2cc802d39949da5faae5105f33?cid=9950ac751e34487dbbe027c4fd7f8e99","false","42","QZTPX2276919","spotify:user:31eggmwgwd6b5f4672kiiveoehya","2022-12-20T11:32:37Z"
"spotify:track:2H7cuIroLaPDkB6lot9UEe","Holocaust - Edited","spotify:artist:2wXXMRH4VFDhS2fFE9swlz","Borialis","spotify:album:3Xgz2ZQiqEwbnTY9kgesUA","What You Thought You Heard","spotify:artist:2wXXMRH4VFDhS2fFE9swlz","Borialis","2004","https://i.scdn.co/image/ab67616d0000b2730639442af83792d4bccdb77a","1","12","289186","","false","29","USCA20300120","spotify:user:31eggmwgwd6b5f4672kiiveoehya","2023-01-09T00:14:39Z"
"spotify:track:5igYPHZLmBtcYmvHbgrUcn","Supernatural - Acoustic","spotify:artist:5tFRohaO5yEsuJxmMnlCO9","Barns Courtney","spotify:album:0NA5HU5TEt6Hsjr04tbSuM","Supernatural (Acoustic)","spotify:artist:5tFRohaO5yEsuJxmMnlCO9","Barns Courtney","2023-01-13","https://i.scdn.co/image/ab67616d0000b2730fd9651c39282f295a2e969d","1","1","186013","https://p.scdn.co/mp3-preview/06b7f33858eb49d3d4c3ed98d616c1b129fd6a53?cid=9950ac751e34487dbbe027c4fd7f8e99","false","37","USAT22222625","spotify:user:31eggmwgwd6b5f4672kiiveoehya","2023-01-14T20:20:25Z"
"spotify:track:0UFDKFqW2oGspYeYqo9wjA","Bleed It Out","spotify:artist:6XyY86QOPPrYVGvF9ch6wz","Linkin Park","spotify:album:2tlTBLz2w52rpGCLBGyGw6","Minutes to Midnight","spotify:artist:6XyY86QOPPrYVGvF9ch6wz","Linkin Park","2007-05-14","https://i.scdn.co/image/ab67616d0000b2736e996745f2c7b8036abef213","1","4","164426","https://p.scdn.co/mp3-preview/1440e6e73c1d0f4db4a64175e26ca250097733c8?cid=9950ac751e34487dbbe027c4fd7f8e99","true","86","USWB10701213","spotify:user:31eggmwgwd6b5f4672kiiveoehya","2023-01-15T15:16:38Z"
"spotify:track:1WM4T8Nffa8QWVWBu94eI6","Just Dance","spotify:artist:2sJ6Jl6BPRWYvW2Pb14Zkq","Surrender the Dance Floor","spotify:album:578kyQPdpAuzME42na6N9f","Broadcasting from Hospital Beds","spotify:artist:2sJ6Jl6BPRWYvW2Pb14Zkq","Surrender the Dance Floor","2018-07-06","https://i.scdn.co/image/ab67616d0000b273bb871ad98163dac2ea2208df","1","1","212559","https://p.scdn.co/mp3-preview/8b892c7aca64fe0d2f0c745c77a6ac449bdddf16?cid=9950ac751e34487dbbe027c4fd7f8e99","true","33","TCADR1872051","spotify:user:31eggmwgwd6b5f4672kiiveoehya","2023-01-18T17:02:06Z"
"spotify:track:5ipALw7s8VxqaxoskWH6hJ","Finish Line (feat. Adam Gontier)","spotify:artist:49bzE5vRBRIota4qeHtQM8, spotify:artist:2NkpmkcWNxbWydBaETRfqT","Skillet, Adam Gontier","spotify:album:5CDZtrKb7xdTOwFlqrmzP0","Finish Line (feat. Adam Gontier)","spotify:artist:49bzE5vRBRIota4qeHtQM8","Skillet","2023-01-20","https://i.scdn.co/image/ab67616d0000b27378ed164f69026461db37bed4","1","1","207759","https://p.scdn.co/mp3-preview/07ec095083f8c3d48774803ebffb4ab2bc3e0c3e?cid=9950ac751e34487dbbe027c4fd7f8e99","false","0","USAT22221550","spotify:user:31eggmwgwd6b5f4672kiiveoehya","2023-01-21T16:23:46Z"
"spotify:track:2fDVMNQmFuMORDD3dP7GkN","Home","spotify:artist:7jy3rLJdDQY21OgRLCZ9sD","Foo Fighters","spotify:album:3ilXDEG0xiajK8AbqboeJz","Echoes, Silence, Patience & Grace","spotify:artist:7jy3rLJdDQY21OgRLCZ9sD","Foo Fighters","2007-09-25","https://i.scdn.co/image/ab67616d0000b2739d957247c6c610cb7c4da1c5","1","12","293337","https://p.scdn.co/mp3-preview/f2c44b445dec9ca345ca69d30bde86ceb9ad5a4f?cid=9950ac751e34487dbbe027c4fd7f8e99","false","51","USRW30700018","spotify:user:31eggmwgwd6b5f4672kiiveoehya","2023-01-22T20:15:23Z"
"spotify:track:5eFxwmqKrHpSQDOEIFYlgY","Animal I Have Become","spotify:artist:2xiIXseIJcq3nG7C8fHeBj","Three Days Grace","spotify:album:4ohPMPeZukCChC6xNJpeYx","One-X","spotify:artist:2xiIXseIJcq3nG7C8fHeBj","Three Days Grace","2006-06-13","https://i.scdn.co/image/ab67616d0000b273fa4c18fdbd1bf1a39b7b794f","1","3","231400","https://p.scdn.co/mp3-preview/17ac59ca72a274c56e003cfedca2fe9f676bd2d0?cid=9950ac751e34487dbbe027c4fd7f8e99","false","81","USJI10600117","spotify:user:31eggmwgwd6b5f4672kiiveoehya","2023-01-29T12:07:42Z"
"spotify:track:4LFBVDJV0xpayUvquQVzhS","Cut the Cord","spotify:artist:70BYFdaZbEKbeauJ670ysI","Shinedown","spotify:album:7969zwJB8p021EBcCUjsv9","Threat to Survival","spotify:artist:70BYFdaZbEKbeauJ670ysI","Shinedown","2015-09-18","https://i.scdn.co/image/ab67616d0000b2737b6fda92d5912fef92f373de","1","2","224596","https://p.scdn.co/mp3-preview/ea1c66b2e677ae69a00aac4ddce11f99aee62a94?cid=9950ac751e34487dbbe027c4fd7f8e99","false","73","USAT21501541","spotify:user:31eggmwgwd6b5f4672kiiveoehya","2023-01-29T17:01:40Z"
"spotify:track:6GtX0jaNL8IjVQfrDBx81z","Bullet With Butterfly Wings - Remastered 2012","spotify:artist:40Yq4vzPs9VNUrIBG5Jr2i","The Smashing Pumpkins","spotify:album:55RhFRyQFihIyGf61MgcfV","Mellon Collie And The Infinite Sadness (Deluxe Edition)","spotify:artist:40Yq4vzPs9VNUrIBG5Jr2i","The Smashing Pumpkins","1995","https://i.scdn.co/image/ab67616d0000b273431ac6e6f393acf475730ec6","1","6","258466","","false","81","USVI21200897","spotify:user:31eggmwgwd6b5f4672kiiveoehya","2023-01-30T20:51:35Z"
"spotify:track:0WSa1sucoNRcEeULlZVQXj","Can You Feel My Heart","spotify:artist:1Ffb6ejR6Fe5IamqA5oRUF","Bring Me The Horizon","spotify:album:6IYPmM3xsOPL2XPSvf1ZAz","Sempiternal (Expanded Edition)","spotify:artist:1Ffb6ejR6Fe5IamqA5oRUF","Bring Me The Horizon","2013-04-01","https://i.scdn.co/image/ab67616d0000b273566acaba72c5509e3887c4b0","1","1","227296","https://p.scdn.co/mp3-preview/c4c9a45c36851837ebb1c4435273b652d03c0911?cid=9950ac751e34487dbbe027c4fd7f8e99","true","83","GBARL1202415","spotify:user:31eggmwgwd6b5f4672kiiveoehya","2023-01-31T17:15:08Z"
"spotify:track:2AT8iROs4FQueDv2c8q2KE","R U Mine?","spotify:artist:7Ln80lUS6He07XvHI8qqHH","Arctic Monkeys","spotify:album:78bpIziExqiI9qztvNFlQu","AM","spotify:artist:7Ln80lUS6He07XvHI8qqHH","Arctic Monkeys","2013-09-09","https://i.scdn.co/image/ab67616d0000b2734ae1c4c5c45aabe565499163","1","2","201726","https://p.scdn.co/mp3-preview/d41c9b18f0787cc9b2ccea10740d92dd7e7f639a?cid=9950ac751e34487dbbe027c4fd7f8e99","false","85","GBCEL1300363","spotify:user:31eggmwgwd6b5f4672kiiveoehya","2023-01-31T17:18:41Z"
"spotify:track:41pFyxOpS119Pb8JEzhx0w","Boulevard of Broken Dreams (feat. John Gallagher Jr., Rebecca Naomi Jones, Stark Sands, The American Idiot Broadway Company)","spotify:artist:7oPftvlwr6VrsViSDV7fJY","Green Day","spotify:album:1wO2srr9om17YtEvouoBue","American Idiot - The Original Broadway Cast Recording","spotify:artist:7oPftvlwr6VrsViSDV7fJY","Green Day","2010-04-20","https://i.scdn.co/image/ab67616d0000b2737e547333cf087b8cfc535444","1","4","262386","https://p.scdn.co/mp3-preview/c0b2b7cfe47d1ab30df59f82b1a4bb75b62fd127?cid=9950ac751e34487dbbe027c4fd7f8e99","true","55","USRE11000177","spotify:user:31eggmwgwd6b5f4672kiiveoehya","2023-02-03T14:44:29Z"
"spotify:track:4hZiDVgUkLXvA9ZD3PurkI","In One Ear","spotify:artist:26T3LtbuGT1Fu9m0eRq5X3","Cage The Elephant","spotify:album:0c1yNi1MuGlcNrCzU2kDVE","Cage The Elephant","spotify:artist:26T3LtbuGT1Fu9m0eRq5X3","Cage The Elephant","2008-01-01","https://i.scdn.co/image/ab67616d0000b273ce6b979ca98da4c27157dc17","1","1","241320","https://p.scdn.co/mp3-preview/f8a272ac203d298308ce7f70b56c832a81445f38?cid=9950ac751e34487dbbe027c4fd7f8e99","true","52","GBGLM0700129","spotify:user:31eggmwgwd6b5f4672kiiveoehya","2023-02-08T19:44:15Z"
"spotify:track:33Y37TrhtN7wZWPssNkpGu","Bring 'Em Out","spotify:artist:1sYbTp9AgWvJb0mJBAB6eP","Valley Of Wolves","spotify:album:7Eg1crbyLuslaJOCUeZQhF","Bring 'Em Out","spotify:artist:1sYbTp9AgWvJb0mJBAB6eP","Valley Of Wolves","2023-02-09","https://i.scdn.co/image/ab67616d0000b27329741589c7d141a7f70faef9","1","1","216000","https://p.scdn.co/mp3-preview/660e0fcced8ad251fc871c3e9394cdc841d51abc?cid=9950ac751e34487dbbe027c4fd7f8e99","false","0","US43C1626910","spotify:user:31eggmwgwd6b5f4672kiiveoehya","2023-02-10T11:27:06Z"
"spotify:track:1AEbkplFNpAzKS5HjC1Fu9","Lost In The Grandeur - Requiem Mass","spotify:artist:3RNrq3jvMZxD9ZyoOZbQOD","Korn","spotify:album:4fN6xfIrXPX8SMgcFU4A6h","Requiem Mass (Deluxe Edition)","spotify:artist:3RNrq3jvMZxD9ZyoOZbQOD","Korn","2023-02-03","https://i.scdn.co/image/ab67616d0000b273f0c5658513a4bd618c663cd6","1","2","240591","","false","33","USC4R2220812","spotify:user:31eggmwgwd6b5f4672kiiveoehya","2023-02-12T21:05:00Z"
"spotify:track:25Sd73fleKUVPNqITPZkn1","""45""","spotify:artist:7If8DXZN7mlGdQkLE2FaMo","The Gaslight Anthem","spotify:album:1gsyJWUvwjnsNgYUxpOfLR","Handwritten","spotify:artist:7If8DXZN7mlGdQkLE2FaMo","The Gaslight Anthem","2012-01-01","https://i.scdn.co/image/ab67616d0000b2731170b332cf9a3e4160dd057a","1","1","202493","","false","53","GBUM71202587","spotify:user:31eggmwgwd6b5f4672kiiveoehya","2023-02-16T10:49:20Z"
"spotify:track:1uIojv79HQoROPPDy4w7Qa","Revenge","spotify:artist:1g1yxsNVPhMUl9GrMjEb2o","Plain White T's","spotify:album:4vUClKTFaDWnsHE8rK52GY","All That We Needed","spotify:artist:1g1yxsNVPhMUl9GrMjEb2o","Plain White T's","2005-01-25","https://i.scdn.co/image/ab67616d0000b273beae6e69d6505fd379ef3081","1","2","206240","","false","36","US5260507202","spotify:user:31eggmwgwd6b5f4672kiiveoehya","2023-02-16T10:53:11Z"
"spotify:track:1QTQ3VNzabl4yF5GJE6hhK","So Called Life","spotify:artist:2xiIXseIJcq3nG7C8fHeBj","Three Days Grace","spotify:album:4drZZN0HTkJzcdlPmmQyqG","EXPLOSIONS","spotify:artist:2xiIXseIJcq3nG7C8fHeBj","Three Days Grace","2022-05-06","https://i.scdn.co/image/ab67616d0000b273167622f26b0558e64a96a61f","1","1","206642","https://p.scdn.co/mp3-preview/9f8bcac32ff2c0c127891fe3fcc4a4572158475d?cid=9950ac751e34487dbbe027c4fd7f8e99","true","68","USRC12103119","spotify:user:31eggmwgwd6b5f4672kiiveoehya","2023-02-18T14:59:52Z"
"spotify:track:6BCWh4d801H1C7JXyTESKz","Saviour II - Orchestral Version","spotify:artist:6O7MpKrY91vlCd4Osi6XKs","Black Veil Brides","spotify:album:1LZcehGFValGsTWbSv8p4v","Saviour II (Orchestral Version)","spotify:artist:6O7MpKrY91vlCd4Osi6XKs","Black Veil Brides","2023-02-22","https://i.scdn.co/image/ab67616d0000b273a5228dfee628021c1ee50586","1","1","175837","https://p.scdn.co/mp3-preview/8c5f91cdae34fad1e0109e515c14e0cae5fcf9e9?cid=9950ac751e34487dbbe027c4fd7f8e99","false","0","USYFZ2331601","spotify:user:31eggmwgwd6b5f4672kiiveoehya","2023-02-26T16:12:48Z"
"spotify:track:4iSa23T95pnfAw44TMqOTs","IMAGO","spotify:artist:6mcSNYbGthL93gHZEIdsw6","Space Of Variations","spotify:album:7lFb66SNqE2AU40ykNjCnX","IMAGO","spotify:artist:6mcSNYbGthL93gHZEIdsw6","Space Of Variations","2022-09-23","https://i.scdn.co/image/ab67616d0000b273e1591f9328a6d0a2d571f6ba","1","10","197230","https://p.scdn.co/mp3-preview/4f1e58993a37a1eb8e8d1816709d0194b5793790?cid=9950ac751e34487dbbe027c4fd7f8e99","false","18","ATN262299910","spotify:user:31eggmwgwd6b5f4672kiiveoehya","2023-03-14T18:58:10Z"
"spotify:track:2eXSPTZmhkXRGob1hsFdVd","What You Make It","spotify:artist:2PWXHVDEtObSmUrNhfPRav","With Confidence","spotify:album:0nVyJYOVvS1Trsphx7KPxp","With Confidence","spotify:artist:2PWXHVDEtObSmUrNhfPRav","With Confidence","2021-08-27","https://i.scdn.co/image/ab67616d0000b2737780430d74ab8d9dc3459f6a","1","1","177220","https://p.scdn.co/mp3-preview/6483762eb48c90cdb28122f762f54e11a35c18c3?cid=9950ac751e34487dbbe027c4fd7f8e99","true","58","USHR22110101","spotify:user:31eggmwgwd6b5f4672kiiveoehya","2023-03-18T21:57:56Z"
"spotify:track:72zjYe2aysOkIR7l6KQIhR","Calm Down","spotify:artist:46gyXjRIvN1NL1eCB8GBxo","All Time Low","spotify:album:0gPGmJSxuqrpvXiWdOLcRh","Tell Me I'm Alive","spotify:artist:46gyXjRIvN1NL1eCB8GBxo","All Time Low","2023-03-17","https://i.scdn.co/image/ab67616d0000b2735a08a5e6991ee04fdcaacf2d","1","5","194227","https://p.scdn.co/mp3-preview/838d9fac7a245e7eceee67d8dfabe1312e934405?cid=9950ac751e34487dbbe027c4fd7f8e99","true","46","USAT22223182","spotify:user:31eggmwgwd6b5f4672kiiveoehya","2023-03-18T22:12:52Z"
"spotify:track:1aHO9RYy7XJVLFQjbFt2DO","Through Hell","spotify:artist:7fM0h2CG7zKqKc0jEa1b4R, spotify:artist:2DntubHirEICSdXa23WNpV","Citizen Soldier, Royal Bliss","spotify:album:3AZKVQv5yXll5k83QUUjl9","Through Hell","spotify:artist:7fM0h2CG7zKqKc0jEa1b4R, spotify:artist:2DntubHirEICSdXa23WNpV","Citizen Soldier, Royal Bliss","2023-03-15","https://i.scdn.co/image/ab67616d0000b27386c86b85d059ab3a55a40151","1","1","177567","https://p.scdn.co/mp3-preview/f22597d655fa73c1c7890bb4637043f781268b4e?cid=9950ac751e34487dbbe027c4fd7f8e99","false","48","GBGLW2300103","spotify:user:31eggmwgwd6b5f4672kiiveoehya","2023-03-18T22:13:07Z"
"spotify:track:3CIyK1V4JEJkg02E4EJnDl","Enemy (with JID) - from the series Arcane League of Legends","spotify:artist:53XhwfbYqKCa1cC15pYq2q, spotify:artist:6U3ybJ9UHNKEdsH7ktGBZ7, spotify:artist:57nPqD7z62gDdq37US9XJR, spotify:artist:47mIJdHORyRerp4os813jD","Imagine Dragons, JID, Arcane, League of Legends","spotify:album:6yiXkzHvC0OTmhfDQOEWtS","Mercury - Acts 1 & 2","spotify:artist:53XhwfbYqKCa1cC15pYq2q","Imagine Dragons","2022-07-01","https://i.scdn.co/image/ab67616d0000b273fc915b69600dce2991a61f13","1","1","173381","","false","82","USUM72119916","spotify:user:31eggmwgwd6b5f4672kiiveoehya","2023-03-18T23:48:52Z"
"spotify:track:1dnytEWSh6IR3NaamkWmDi","Boulevard of Broken Dreams","spotify:artist:5mdiygu3OgrNzMREgzdy4j, spotify:artist:0H9lbVkJq2aj6SbqJKBVy5","2 Shadows, Righteous Vendetta","spotify:album:5tqcvmNI728SzHILxHVDrc","Bring the Cold Inside","spotify:artist:5mdiygu3OgrNzMREgzdy4j","2 Shadows","2022-04-22","https://i.scdn.co/image/ab67616d0000b273d6f9a5790516a4904681abd7","1","5","238877","https://p.scdn.co/mp3-preview/1da45d116b7b511d1a94a5e97bd6ecbcc0897630?cid=9950ac751e34487dbbe027c4fd7f8e99","true","16","TCAGC2238875","spotify:user:31eggmwgwd6b5f4672kiiveoehya","2023-03-22T19:54:26Z"
"spotify:track:09ngvfIT3DJyq7Jgw7szqJ","Sideways","spotify:artist:74eX4C98E4FCrAMl39qRsJ","Theory of a Deadman","spotify:album:2pvd7WBSWo76lZeufdC34a","Dinosaur","spotify:artist:74eX4C98E4FCrAMl39qRsJ","Theory of a Deadman","2023-03-17","https://i.scdn.co/image/ab67616d0000b2737bdca76db20bdedc0bc7e1f2","1","6","208753","https://p.scdn.co/mp3-preview/9daaee6aa9a35336194c685506e5c4b1e751dac1?cid=9950ac751e34487dbbe027c4fd7f8e99","true","31","NLA322200443","spotify:user:31eggmwgwd6b5f4672kiiveoehya","2023-03-24T20:58:51Z"
"spotify:track:3axomqagNVJCINvAjDGDYd","Stand Up","spotify:artist:4RddZ3iHvSpGV4dvATac9X, spotify:artist:71y7Vv0TCOzeFXcBQwuG1L","Papa Roach, The Battle Drum Marching Band","spotify:album:0cjCJprou4GNLdDAWlJ2fc","Ego Trip (Deluxe)","spotify:artist:4RddZ3iHvSpGV4dvATac9X","Papa Roach","2023-03-17","https://i.scdn.co/image/ab67616d0000b27337d73400f198c42f0223fab0","1","18","230358","https://p.scdn.co/mp3-preview/78fb52276432acecd94342cc3430a7bc26cbc114?cid=9950ac751e34487dbbe027c4fd7f8e99","false","30","ZZOPM2230734","spotify:user:31eggmwgwd6b5f4672kiiveoehya","2023-03-26T19:34:36Z"
"spotify:track:66qTrK9N4gSFTRwM4RSmrg","Fight Fire with Gasoline - Acoustic","spotify:artist:0FHW0Lp33r3fvIG0HL4mW0","Self Deception","spotify:album:4eueg0dwLwkEafuFkWWCRB","Fight Fire With Gasoline (Acoustic)","spotify:artist:0FHW0Lp33r3fvIG0HL4mW0","Self Deception","2023-03-31","https://i.scdn.co/image/ab67616d0000b273b4d60e851ec82b20a12a0cdc","1","1","213552","https://p.scdn.co/mp3-preview/ff0a5e114fb7f113b06c7575998b8e0539a95dcb?cid=9950ac751e34487dbbe027c4fd7f8e99","false","0","GX3Q92099288","spotify:user:31eggmwgwd6b5f4672kiiveoehya","2023-04-11T17:26:30Z"
"spotify:track:4UhMvTR5tHf2ecfoz0KV92","Self-Destruction","spotify:artist:3Uobr6LgQpBbk6k4QGAb3V","I Prevail","spotify:album:6SjY4WK6VMFYEINGVOHzGa","TRUE POWER","spotify:artist:3Uobr6LgQpBbk6k4QGAb3V","I Prevail","2022-08-19","https://i.scdn.co/image/ab67616d0000b273fdf16e6dc8b69f3e7c2b258b","1","4","146176","","true","64","US5262224773","spotify:user:31eggmwgwd6b5f4672kiiveoehya","2023-04-23T17:56:34Z"
"spotify:track:5QhNhUBkNtz9f6NQLrv5A8",".intoodeep.","spotify:artist:31M8EXHYtEqOqVb1X7JRVe","Dead Poet Society","spotify:album:00NKrA90xCjPCMvR0CdvVl","-!-","spotify:artist:31M8EXHYtEqOqVb1X7JRVe","Dead Poet Society","2021-03-12","https://i.scdn.co/image/ab67616d0000b27389185a072a44cdc2a0cfefaa","1","6","219906","https://p.scdn.co/mp3-preview/c1f4882488724413b9a50abbb74995a0aa0270b5?cid=9950ac751e34487dbbe027c4fd7f8e99","true","0","GBUM72003959","spotify:user:31eggmwgwd6b5f4672kiiveoehya","2023-04-27T20:36:02Z"
"spotify:track:5qI0O2liRuEC6Mnv8BKl0S","Dark Void","spotify:artist:1caBfBEapzw8z2Qz9q0OaQ","Asking Alexandria","spotify:album:78j5yRbo6TI6xpPJoRjSWH","Dark Void","spotify:artist:1caBfBEapzw8z2Qz9q0OaQ","Asking Alexandria","2023-05-12","https://i.scdn.co/image/ab67616d0000b2733b1788ec687d88f3d48d027a","1","1","232258","https://p.scdn.co/mp3-preview/98e327b0a9b7f9194e70ee3e734bfe1cfb198b6c?cid=9950ac751e34487dbbe027c4fd7f8e99","false","47","USDPK2300026","spotify:user:31eggmwgwd6b5f4672kiiveoehya","2023-05-13T13:06:19Z"
"spotify:track:2vICdcAEc10WfqMeRxOF1I","Dark Side","spotify:artist:3L58J6a7f0jyy2p6f3MSAs","Blind Channel","spotify:album:2kcAri2GgDTQD7k8k727Mb","Lifestyles of the Sick & Dangerous","spotify:artist:3L58J6a7f0jyy2p6f3MSAs","Blind Channel","2022-07-08","https://i.scdn.co/image/ab67616d0000b273139430a6c78fe143437070ae","1","2","177800","https://p.scdn.co/mp3-preview/b64697d9bb9c05f003642c14124d757476c38a99?cid=9950ac751e34487dbbe027c4fd7f8e99","false","39","FIRAN2100001","spotify:user:31eggmwgwd6b5f4672kiiveoehya","2023-05-20T20:19:11Z"
"spotify:track:3l6VGCbIPPcFkPDTL5Exdg","Six Feet Under - Acoustic","spotify:artist:2vhrwzjf9H3icunkVFi9tq, spotify:artist:7fM0h2CG7zKqKc0jEa1b4R","Smash Into Pieces, Citizen Soldier","spotify:album:0JvHfq08PZFCBXMCUzaEzA","Six Feet Under (Acoustic)","spotify:artist:2vhrwzjf9H3icunkVFi9tq, spotify:artist:7fM0h2CG7zKqKc0jEa1b4R","Smash Into Pieces, Citizen Soldier","2023-05-26","https://i.scdn.co/image/ab67616d0000b273568e3b9720bf0fda11e825ee","1","1","192143","https://p.scdn.co/mp3-preview/9c52d4f778800fc5f021b330fe5661ac53e42831?cid=9950ac751e34487dbbe027c4fd7f8e99","false","41","QM6P42351010","spotify:user:31eggmwgwd6b5f4672kiiveoehya","2023-05-27T11:41:41Z"
"spotify:track:03TObWmp2c1MC7hQePvp01","You Wouldn't Understand","spotify:artist:5a56fL5TjkYmnSYJgvVIL6","Prescription Happiness","spotify:album:08XnG93dXkajbeVZeAZuX5","You Wouldn't Understand","spotify:artist:5a56fL5TjkYmnSYJgvVIL6","Prescription Happiness","2021-04-30","https://i.scdn.co/image/ab67616d0000b273465b4c4eaaf1574d9e0f1515","1","1","282000","https://p.scdn.co/mp3-preview/0599e1d4d2f3791e72693caf1e71c8365f868656?cid=9950ac751e34487dbbe027c4fd7f8e99","true","5","GBKPL2148420","spotify:user:31eggmwgwd6b5f4672kiiveoehya","2023-05-30T11:06:35Z"
"spotify:track:5BdiprSBqgkULtloEFbhfF","Let’s Get The Party Started (feat. Bring Me The Horizon)","spotify:artist:74NBPbyyftqJ4SpDZ4c1Ed, spotify:artist:1Ffb6ejR6Fe5IamqA5oRUF","Tom Morello, Bring Me The Horizon","spotify:album:41xx4p0Q1MhE2Bnfkeo6b0","Let’s Get The Party Started (feat. Bring Me The Horizon)","spotify:artist:74NBPbyyftqJ4SpDZ4c1Ed, spotify:artist:1Ffb6ejR6Fe5IamqA5oRUF","Tom Morello, Bring Me The Horizon","2021-09-22","https://i.scdn.co/image/ab67616d0000b273f4f22b73eef54cfc089abd59","1","1","212572","https://p.scdn.co/mp3-preview/e30485e15f1f5fe6c67150ca8280729979c6a529?cid=9950ac751e34487dbbe027c4fd7f8e99","true","1","USQE92100160","spotify:user:31eggmwgwd6b5f4672kiiveoehya","2023-05-30T12:25:48Z"
"spotify:track:26iWAXoJRiUv9yYzxYBqSv","The Glass","spotify:artist:7jy3rLJdDQY21OgRLCZ9sD","Foo Fighters","spotify:album:4wp4aWWpoYfNcspimVAnel","But Here We Are","spotify:artist:7jy3rLJdDQY21OgRLCZ9sD","Foo Fighters","2023-06-02","https://i.scdn.co/image/ab67616d0000b2736fc1b2193f39c1eac7ad253d","1","5","229783","https://p.scdn.co/mp3-preview/9f089c6372019451a5ba0060d86cab48fa037cb2?cid=9950ac751e34487dbbe027c4fd7f8e99","false","51","USRW32300020","spotify:user:31eggmwgwd6b5f4672kiiveoehya","2023-06-05T20:59:25Z"
"spotify:track:3ZOEytgrvLwQaqXreDs2Jx","Can't Stop","spotify:artist:0L8ExT028jH3ddEcZwqJJ5","Red Hot Chili Peppers","spotify:album:6deiaArbeoqp1xPEGdEKp1","By the Way (Deluxe Edition)","spotify:artist:0L8ExT028jH3ddEcZwqJJ5","Red Hot Chili Peppers","2002-07-09","https://i.scdn.co/image/ab67616d0000b273de1af2785a83cc660155a0c4","1","7","269000","https://p.scdn.co/mp3-preview/1b3bc0aca1746a99cbb8dd07b2325f6499b58a2e?cid=9950ac751e34487dbbe027c4fd7f8e99","false","90","USWB10201694","spotify:user:31eggmwgwd6b5f4672kiiveoehya","2023-07-10T13:44:21Z"
"spotify:track:2Ggr9IfS70wYQacW8nZKPG","labour","spotify:artist:2EXpthNgSeTDeX8nGwxppp","Paris Paloma","spotify:album:4h7ERA3MzqEh9B3edziLAn","labour","spotify:artist:2EXpthNgSeTDeX8nGwxppp","Paris Paloma","2023-03-23","https://i.scdn.co/image/ab67616d0000b2730a84311dfc42c4b73bbad272","1","1","237744","https://p.scdn.co/mp3-preview/84058a4674d76bfc22ea484312c6b41ce6c7dadc?cid=9950ac751e34487dbbe027c4fd7f8e99","true","74","CAN112300498","spotify:user:31eggmwgwd6b5f4672kiiveoehya","2023-07-13T17:45:25Z"
"spotify:track:7bEDDsy2LFC0KSqhZp5nPE","Sweet Disaster","spotify:artist:1FgsVeOhRYuSw2ghkIXV0A","DREAMERS","spotify:album:2dtruUPZ49oSh468hKErtf","This Album Does Not Exist","spotify:artist:1FgsVeOhRYuSw2ghkIXV0A","DREAMERS","2016-08-26","https://i.scdn.co/image/ab67616d0000b2733035f006f639105b154a939d","1","3","205173","","false","55","USHR11637203","spotify:user:31eggmwgwd6b5f4672kiiveoehya","2023-09-11T13:40:11Z"
"spotify:track:7HJmJYQqBq2tn7RleFlun5","The Middle - Acoustic Version","spotify:artist:3Ayl7mCk0nScecqOzvNp6s","Jimmy Eat World","spotify:album:2P6BqQ7RMpgx8lgoeahpW8","Bleed American (Deluxe Edition)","spotify:artist:3Ayl7mCk0nScecqOzvNp6s","Jimmy Eat World","2001-07-24","https://i.scdn.co/image/ab67616d0000b2732f0d89b1c4dcebefda07a959","2","7","190640","","false","56","USDW10110510","spotify:user:31eggmwgwd6b5f4672kiiveoehya","2023-09-19T18:43:54Z"
"spotify:track:4swVflM7KtMxzfHBWqPv9S","in the dark","spotify:artist:1Ffb6ejR6Fe5IamqA5oRUF","Bring Me The Horizon","spotify:album:04mkS7FooK8fRbB626T9NR","amo","spotify:artist:1Ffb6ejR6Fe5IamqA5oRUF","Bring Me The Horizon","2019-01-25","https://i.scdn.co/image/ab67616d0000b27380e541ced42d5d6300745735","1","4","271186","https://p.scdn.co/mp3-preview/50fd29d80ccd56df5ec2eed720c25acee55cc64a?cid=9950ac751e34487dbbe027c4fd7f8e99","false","65","GBARL1801495","spotify:user:31eggmwgwd6b5f4672kiiveoehya","2023-11-18T21:21:39Z"
"spotify:track:5iaTwwgtEyJ7cy6lLTlGBb","Adrenaline","spotify:artist:1V599H9vfq6hWe2hGzyzI0","Zero 9:36","spotify:album:3k7YVehp4DBwLxQlRAQOAL","...If You Don’t Save Yourself","spotify:artist:1V599H9vfq6hWe2hGzyzI0","Zero 9:36","2021-02-26","https://i.scdn.co/image/ab67616d0000b2735ed6b38f147d8a0cf20d9911","1","3","204198","https://p.scdn.co/mp3-preview/ebd4d71d540eaebec8305e4dd83bcb2c54c3671b?cid=9950ac751e34487dbbe027c4fd7f8e99","true","58","USAT22003343","spotify:user:31eggmwgwd6b5f4672kiiveoehya","2023-12-19T13:38:44Z"
"spotify:track:7vWaeCBcobKgzJgbOl23KU","Bullet","spotify:artist:0CEFCo8288kQU7mJi25s6E","Hollywood Undead","spotify:album:5frbevZIc2s6873Nyfzrh8","American Tragedy (Deluxe Edition)","spotify:artist:0CEFCo8288kQU7mJi25s6E","Hollywood Undead","2011-01-01","https://i.scdn.co/image/ab67616d0000b2730540e8acdb2c6cc9c0c7dcd9","1","11","197813","","true","66","USUM71102095","spotify:user:31eggmwgwd6b5f4672kiiveoehya","2023-12-27T09:31:11Z"
"spotify:track:4rfaoyaZvNa60cj3OKSQV9","Migraine","spotify:artist:3YQKmKGau1PzlVlkL1iodx","Twenty One Pilots","spotify:album:2r2r78NE05YjyHyVbVgqFn","Vessel","spotify:artist:3YQKmKGau1PzlVlkL1iodx","Twenty One Pilots","2013-01-08","https://i.scdn.co/image/ab67616d0000b2736caad685af37c08063be928d","1","3","239014","https://p.scdn.co/mp3-preview/c9d942ec3acb52d61896b48d8a43830993e78545?cid=9950ac751e34487dbbe027c4fd7f8e99","false","69","USAT21202942","spotify:user:31eggmwgwd6b5f4672kiiveoehya","2023-12-30T22:15:06Z"
"spotify:track:3bq8WiQrEXMwPAibYs7tpu","Nobody Praying For Me","spotify:artist:6B5c4sch27tWHAGdarpPaW","Seether","spotify:album:4ZpfSlHwUXaL6kgFTL6hMk","Isolate And Medicate","spotify:artist:6B5c4sch27tWHAGdarpPaW","Seether","2014-01-01","https://i.scdn.co/image/ab67616d0000b273754e9d511ba0f55c3b9bda4b","1","8","197800","","true","69","QMFMK1400008","spotify:user:31eggmwgwd6b5f4672kiiveoehya","2024-01-16T22:23:11Z"
"spotify:track:6PwjJ58I4t7Mae9xfZ9l9v","Somebody Told Me","spotify:artist:0C0XlULifJtAgn6ZNCW2eu","The Killers","spotify:album:4piJq7R3gjUOxnYs6lDCTg","Hot Fuss","spotify:artist:0C0XlULifJtAgn6ZNCW2eu","The Killers","2004","https://i.scdn.co/image/ab67616d0000b273ccdddd46119a4ff53eaf1f5d","1","4","197200","","false","87","USIR20400195","spotify:user:31eggmwgwd6b5f4672kiiveoehya","2024-01-20T21:54:28Z"
"spotify:track:6km2lJaj6prmDlrPnYQPzH","Survivor","spotify:artist:2q3GG88dVwuQPF4FmySr9I","The Score","spotify:album:1SZfmTvRqaMEK8xS2sLcU1","Survivor","spotify:artist:2q3GG88dVwuQPF4FmySr9I","The Score","2024-01-26","https://i.scdn.co/image/ab67616d0000b273abad04f0645e498e5d2d1fe4","1","1","190000","https://p.scdn.co/mp3-preview/5eaadab88401646a394af8f826a79d2fe9de4926?cid=9950ac751e34487dbbe027c4fd7f8e99","false","43","USA2P2359959","spotify:user:31eggmwgwd6b5f4672kiiveoehya","2024-01-27T20:17:00Z"
"spotify:track:424GDxARRXRaZ7Mla9EDI2","The Mystic","spotify:artist:7ymrIsmp4vE7vAtcS12J4D","Adam Jensen","spotify:album:12vgpsbn3EF33W2Gr03HIn","The Mystic","spotify:artist:7ymrIsmp4vE7vAtcS12J4D","Adam Jensen","2016-11-04","https://i.scdn.co/image/ab67616d0000b273295c806b41548a698c088115","1","1","189600","https://p.scdn.co/mp3-preview/3954f7c6b27e82be0730fcfbcd0c6f32f7e34998?cid=9950ac751e34487dbbe027c4fd7f8e99","false","61","TCACT1605420","spotify:user:31eggmwgwd6b5f4672kiiveoehya","2024-01-31T21:05:35Z"
"spotify:track:5cbpoIu3YjoOwbBDGUEp3P","Car Radio","spotify:artist:3YQKmKGau1PzlVlkL1iodx","Twenty One Pilots","spotify:album:2r2r78NE05YjyHyVbVgqFn","Vessel","spotify:artist:3YQKmKGau1PzlVlkL1iodx","Twenty One Pilots","2013-01-08","https://i.scdn.co/image/ab67616d0000b2736caad685af37c08063be928d","1","5","267720","https://p.scdn.co/mp3-preview/f4cce0162bdce19a5c79d6e15d6d23f0d51cc29d?cid=9950ac751e34487dbbe027c4fd7f8e99","false","73","USAT21203515","spotify:user:31eggmwgwd6b5f4672kiiveoehya","2024-02-08T06:35:59Z"
"spotify:track:6rD7CV7dyPBEMHt5MtXgD1","Chalk Outlines","spotify:artist:0Repe2EiNjaFAFIukrroUM, spotify:artist:7iNrvS80wnHDGVxw3qNRiI","Ren, CHINCHILLA","spotify:album:6nrjxDm9WdyGLOq67EONgu","Chalk Outlines","spotify:artist:0Repe2EiNjaFAFIukrroUM, spotify:artist:7iNrvS80wnHDGVxw3qNRiI","Ren, CHINCHILLA","2021-12-15","https://i.scdn.co/image/ab67616d0000b273f602b13e55f01b9480703dbc","1","1","233594","https://p.scdn.co/mp3-preview/500c34246df20eac452aeb08ebe8fd9249c18bfc?cid=9950ac751e34487dbbe027c4fd7f8e99","false","2","GB2DY2100931","spotify:user:31eggmwgwd6b5f4672kiiveoehya","2024-02-05T19:35:29Z"
"spotify:track:474uVhyGgK5MtY9gMcDgGl","It's Called: Freefall","spotify:artist:4hz8tIajF2INpgM0qzPJz2","Rainbow Kitten Surprise","spotify:album:7vXiklrUeffx5o2F8VYwm3","How to: Friend, Love, Freefall","spotify:artist:4hz8tIajF2INpgM0qzPJz2","Rainbow Kitten Surprise","2018-04-06","https://i.scdn.co/image/ab67616d0000b2739529217e48fc8bab89c8a1f9","1","4","152293","https://p.scdn.co/mp3-preview/84be00e486991c2b8b7d8625dd90fd9624993d20?cid=9950ac751e34487dbbe027c4fd7f8e99","true","81","USAT21800165","spotify:user:31eggmwgwd6b5f4672kiiveoehya","2024-02-20T12:49:54Z"
"spotify:track:0S38Oso3I9vpDXcTb7kYt9","The Summoning","spotify:artist:2n2RSaZqBuUUukhbLlpnE6","Sleep Token","spotify:album:1gjugH97doz3HktiEjx2vY","Take Me Back To Eden","spotify:artist:2n2RSaZqBuUUukhbLlpnE6","Sleep Token","2023-05-19","https://i.scdn.co/image/ab67616d0000b2730b73608b678f169d3c8f35f0","1","2","395716","https://p.scdn.co/mp3-preview/37dae98703ecc268384d30ed33045254aa4198c9?cid=9950ac751e34487dbbe027c4fd7f8e99","false","76","GBUM72200352","spotify:user:31eggmwgwd6b5f4672kiiveoehya","2024-02-23T12:46:37Z"
"spotify:track:2IRjyyiU5P9WnmXJKcnwww","It's Called: Freefall","spotify:artist:2EXpthNgSeTDeX8nGwxppp","Paris Paloma","spotify:album:7zssJQDhJCAuuMZL7qvejs","It's Called: Freefall","spotify:artist:2EXpthNgSeTDeX8nGwxppp","Paris Paloma","2022-07-22","https://i.scdn.co/image/ab67616d0000b273786f52db0c57eba5335f0ec6","1","1","158297","https://p.scdn.co/mp3-preview/dac30c67e7a87ddd290c05d40847fa2db79b73e8?cid=9950ac751e34487dbbe027c4fd7f8e99","true","65","QZK6H2294442","spotify:user:31eggmwgwd6b5f4672kiiveoehya","2024-03-02T22:35:53Z"
"spotify:track:1lnW6hdkIDZU6JA53R0emi","Bite Your Tongue","spotify:artist:4Uv5bceTJ2h3tLlssUNDNP","Attila","spotify:album:0nlj4yiTOT5UrrvIHX19MM","Bite Your Tongue","spotify:artist:4Uv5bceTJ2h3tLlssUNDNP","Attila","2023-04-27","https://i.scdn.co/image/ab67616d0000b273f26bee75bf7193ecdc090833","1","1","198387","https://p.scdn.co/mp3-preview/93dbf96a3b6a756ef072f6551a72cf89f7c0469e?cid=9950ac751e34487dbbe027c4fd7f8e99","false","0","QZHN62386880","spotify:user:31eggmwgwd6b5f4672kiiveoehya","2024-03-05T14:12:45Z"
"spotify:track:5k2OrGGmQZ94MVZwzRRrCc","Machine Gun","spotify:artist:3T55D3LMiygE9eSKFpiAye","Badflower","spotify:album:1A2doQQJcGdh1ORygfbEp9","This Is How The World Ends","spotify:artist:3T55D3LMiygE9eSKFpiAye","Badflower","2021-09-24","https://i.scdn.co/image/ab67616d0000b27310896ffb21a3bf3f6a665a08","1","12","241326","","true","40","QZRD92100085","spotify:user:31eggmwgwd6b5f4672kiiveoehya","2024-03-06T15:57:08Z"
"spotify:track:2K9DQAkvGo9h8pLzlb7IoC","Fight","spotify:artist:2uMWUtg8XLpJxNSqbGOkl1","All Good Things","spotify:album:1VGmEADYXBzJ8J269nR6qK","Battle Rock 2","spotify:artist:2uMWUtg8XLpJxNSqbGOkl1","All Good Things","2014-05-19","https://i.scdn.co/image/ab67616d0000b2736cd18fcfcaed5c30c1fc0272","1","3","244074","https://p.scdn.co/mp3-preview/1fbac80846da4fecefb4245c659eb99d331d6726?cid=9950ac751e34487dbbe027c4fd7f8e99","false","0","GBBPP1407603","spotify:user:31eggmwgwd6b5f4672kiiveoehya","2024-03-07T18:24:19Z"
"spotify:track:7xOB82ELg70RoIM3mMTkt4","A Symptom Of Being Human","spotify:artist:70BYFdaZbEKbeauJ670ysI","Shinedown","spotify:album:7tWcsQLHpvXnUPN1jsSaGw","Planet Zero","spotify:artist:70BYFdaZbEKbeauJ670ysI","Shinedown","2022-07-01","https://i.scdn.co/image/ab67616d0000b2738b652c5ed3633e45a4072b47","1","10","248454","https://p.scdn.co/mp3-preview/62142ed3a7fb06a1a023402d76ee4b9c8e2e413e?cid=9950ac751e34487dbbe027c4fd7f8e99","false","71","USAT22108488","spotify:user:31eggmwgwd6b5f4672kiiveoehya","2024-03-07T18:30:14Z"
"spotify:track:2tKKV3UgJuQgpgTxmCw2Sl","See What’s On The Inside - Acoustic","spotify:artist:1caBfBEapzw8z2Qz9q0OaQ","Asking Alexandria","spotify:album:39irqLBf1rIbVtzmnl9qnA","See What's On The Inside (Deluxe)","spotify:artist:1caBfBEapzw8z2Qz9q0OaQ","Asking Alexandria","2022-11-04","https://i.scdn.co/image/ab67616d0000b273b406e7fc32afa7d1956c2572","1","15","243200","https://p.scdn.co/mp3-preview/7a838bd95e6741e01eaf6c02a62254e7b3a0bbff?cid=9950ac751e34487dbbe027c4fd7f8e99","false","31","USDPK2200180","spotify:user:31eggmwgwd6b5f4672kiiveoehya","2024-03-07T18:31:19Z"
"spotify:track:2OYtcqflvzQwh3cMPmTHs4","There’s Fear In Letting Go","spotify:artist:3Uobr6LgQpBbk6k4QGAb3V","I Prevail","spotify:album:6SjY4WK6VMFYEINGVOHzGa","TRUE POWER","spotify:artist:3Uobr6LgQpBbk6k4QGAb3V","I Prevail","2022-08-19","https://i.scdn.co/image/ab67616d0000b273fdf16e6dc8b69f3e7c2b258b","1","2","234945","","false","67","US5262224771","spotify:user:31eggmwgwd6b5f4672kiiveoehya","2024-03-08T18:45:05Z"
"spotify:track:6zmpNKzUeuldTRYbVZwnrq","Miracle","spotify:artist:3Ri4H12KFyu98LMjSoij5V","Bad Omens","spotify:album:3p7m1Pmg6n3BlpL9Py7IUA","THE DEATH OF PEACE OF MIND","spotify:artist:3Ri4H12KFyu98LMjSoij5V","Bad Omens","2022-02-25","https://i.scdn.co/image/ab67616d0000b273e5f6f7ec99735d7b870f18ae","1","15","225000","https://p.scdn.co/mp3-preview/a429bfa5c66aab09a2a09f5cf16612452829857f?cid=9950ac751e34487dbbe027c4fd7f8e99","true","0","USYFZ2264215","spotify:user:31eggmwgwd6b5f4672kiiveoehya","2024-03-09T03:11:55Z"
"spotify:track:60rHc4AkLlP4XVSATvBb6K","I Miss the Misery","spotify:artist:6om12Ev5ppgoMy3OYSoech","Halestorm","spotify:album:1d9fNpMEICkIPnJ3r6EG3A","The Strange Case of...","spotify:artist:6om12Ev5ppgoMy3OYSoech","Halestorm","2012-04-03","https://i.scdn.co/image/ab67616d0000b2737c4222c8db996a95b64f5690","1","3","183506","https://p.scdn.co/mp3-preview/576f36f4e6420369f2193e5d2c19d5dc45ef7444?cid=9950ac751e34487dbbe027c4fd7f8e99","false","71","USAT21200150","spotify:user:31eggmwgwd6b5f4672kiiveoehya","2024-03-20T09:52:03Z"
"spotify:track:5MT6upOQpkjvqKwZCSLpnV","Voices Are Rising","spotify:artist:6NTzEgUmN1PIBIYEHhf1kS","Okean Elzy","spotify:album:0GvNxN0mM66pWwxH3SZH1l","Voices Are Rising","spotify:artist:6NTzEgUmN1PIBIYEHhf1kS","Okean Elzy","2024-03-22","https://i.scdn.co/image/ab67616d0000b27398edc20bce0ae772e97adf38","1","1","193207","https://p.scdn.co/mp3-preview/cce64c1f572b3eaba50aa958a1ebaa302f31fb7a?cid=9950ac751e34487dbbe027c4fd7f8e99","false","21","DEA622400677","spotify:user:31eggmwgwd6b5f4672kiiveoehya","2024-03-24T13:26:32Z"
"spotify:track:0Ti2dlF2xLjXblvdU5fCxM","Miss Murder","spotify:artist:19I4tYiChJoxEO5EuviXpz","AFI","spotify:album:1XcA7EEpVRg3FpVbhWu9JV","DECEMBERUNDERGROUND","spotify:artist:19I4tYiChJoxEO5EuviXpz","AFI","2006-06-02","https://i.scdn.co/image/ab67616d0000b2736c050d183c1fff7158c7bcd3","1","3","206586","","false","74","USUM70602578","spotify:user:31eggmwgwd6b5f4672kiiveoehya","2024-05-05T10:17:27Z"
"spotify:track:0tyR7Bu9P086aWBFZ4QJoo","Monsters (feat. blackbear)","spotify:artist:46gyXjRIvN1NL1eCB8GBxo, spotify:artist:2cFrymmkijnjDg9SS92EPM","All Time Low, blackbear","spotify:album:1kwAv74rVTTGMpawGsXtiE","Wake Up, Sunshine","spotify:artist:46gyXjRIvN1NL1eCB8GBxo","All Time Low","2020-04-03","https://i.scdn.co/image/ab67616d0000b273fb7ae2e64f698edee69afc11","1","7","174067","https://p.scdn.co/mp3-preview/2657d6509784ed824f4f9e078396917c8387c2cf?cid=9950ac751e34487dbbe027c4fd7f8e99","true","75","USAT22000034","spotify:user:31eggmwgwd6b5f4672kiiveoehya","2024-05-14T14:44:27Z"
"spotify:track:7qiEoVlFjb3KaytT2zgK1g","Doomsday Blue","spotify:artist:6g3orasGcMPn0gwcE3JMAC","Bambie Thug","spotify:album:70IfQDr5WnlqwK2Cb0tvco","Cathexis","spotify:artist:6g3orasGcMPn0gwcE3JMAC","Bambie Thug","2023-10-13","https://i.scdn.co/image/ab67616d0000b273bcc43f5065cb2a61215063be","1","2","183741","https://p.scdn.co/mp3-preview/49fde0058f2cf8ca85f6dcabf529e56643e9d8f5?cid=9950ac751e34487dbbe027c4fd7f8e99","false","56","TCAHL2394072","spotify:user:31eggmwgwd6b5f4672kiiveoehya","2024-05-20T19:49:13Z"
"spotify:track:04aAxqtGp5pv12UXAg4pkq","Centuries","spotify:artist:4UXqAaa6dQYAk18Lv7PEgX","Fall Out Boy","spotify:album:022DrG7Wp2PSCwzuD0bSzT","American Beauty/American Psycho","spotify:artist:4UXqAaa6dQYAk18Lv7PEgX","Fall Out Boy","2015-01-16","https://i.scdn.co/image/ab67616d0000b2733cf1c1dbcfa3f1ab7282719b","1","3","228360","","false","86","USUM71412644","spotify:user:31eggmwgwd6b5f4672kiiveoehya","2024-05-21T18:54:45Z"
"spotify:track:0XX1yoKE6UQzweWOmgsIg2","FWYTYK","spotify:artist:3Uobr6LgQpBbk6k4QGAb3V","I Prevail","spotify:album:6SjY4WK6VMFYEINGVOHzGa","TRUE POWER","spotify:artist:3Uobr6LgQpBbk6k4QGAb3V","I Prevail","2022-08-19","https://i.scdn.co/image/ab67616d0000b273fdf16e6dc8b69f3e7c2b258b","1","8","197981","","true","56","US5262224777","spotify:user:31eggmwgwd6b5f4672kiiveoehya","2024-05-22T17:37:05Z"
"spotify:track:5KS7iFXNwjAl7Y0bsBKITX","Next Semester","spotify:artist:3YQKmKGau1PzlVlkL1iodx","Twenty One Pilots","spotify:album:7K7eWZNR5t9UBlrN2ltzLI","The Craving","spotify:artist:3YQKmKGau1PzlVlkL1iodx","Twenty One Pilots","2024-05-22","https://i.scdn.co/image/ab67616d0000b273d26fe1e29c8ccb9f5ccb4709","1","3","234400","https://p.scdn.co/mp3-preview/205fdbe4d3bf5fa6622d740cb17507c0e57c47fd?cid=9950ac751e34487dbbe027c4fd7f8e99","false","36","USAT22401697","spotify:user:31eggmwgwd6b5f4672kiiveoehya","2024-05-22T17:48:27Z"
"spotify:track:1Bs4W0jOXzBVm56NQdk3J4","They Don't Care About Us","spotify:artist:5aQ6Qvv3uFYMYvulvrFfqC","Matty Carter + Ariel","spotify:album:7qLUciCiZbIZL3oLZB5yVI","They Don't Care About Us","spotify:artist:5aQ6Qvv3uFYMYvulvrFfqC","Matty Carter + Ariel","2018-10-05","https://i.scdn.co/image/ab67616d0000b273da3ca08889c1e85ec2b97bfc","1","1","198725","https://p.scdn.co/mp3-preview/36925e911aefbc126b9e3eb8ead7361557183906?cid=9950ac751e34487dbbe027c4fd7f8e99","false","53","ushm91832656","spotify:user:31eggmwgwd6b5f4672kiiveoehya","2024-06-03T14:59:29Z"
"spotify:track:4uDdtW0z7ozg9umqZWSQSe","Face Everything And Rise","spotify:artist:4RddZ3iHvSpGV4dvATac9X","Papa Roach","spotify:album:0gE61PmZimlmkItn8iE6lc","F.E.A.R.","spotify:artist:4RddZ3iHvSpGV4dvATac9X","Papa Roach","2015-01-27","https://i.scdn.co/image/ab67616d0000b27335787962cff16dfb566a89ef","1","1","190586","https://p.scdn.co/mp3-preview/1ba778d503b8cdd97111377bb0a2760f28d4bf7a?cid=9950ac751e34487dbbe027c4fd7f8e99","false","0","USDPK1400250","spotify:user:31eggmwgwd6b5f4672kiiveoehya","2024-06-09T20:20:59Z"
"spotify:track:0TgUsThAVzuvVPnJ1rSDYK","One For the Money","spotify:artist:5ojhEavq6altxW8fWIlLum","Escape the Fate","spotify:album:48xjFATaPupk0gYqgNaNRv","Ungrateful (Deluxe)","spotify:artist:5ojhEavq6altxW8fWIlLum","Escape the Fate","2013-05-14","https://i.scdn.co/image/ab67616d0000b273e346040b6bb699b57f8b8636","1","10","199950","https://p.scdn.co/mp3-preview/1ff37b6971c932e33204397680f5466d77184f11?cid=9950ac751e34487dbbe027c4fd7f8e99","true","48","USDPK1309010","spotify:user:31eggmwgwd6b5f4672kiiveoehya","2024-06-08T09:05:19Z"
"spotify:track:1Jb7kZoxiInHN7LkfZBNDb","Not OK","spotify:artist:6W8rk6H6C3Mcj0lALuLVg1","Robert Grace","spotify:album:0kyYIrS10ZxHFK8tvgAynM","Happy Sad Songs","spotify:artist:6W8rk6H6C3Mcj0lALuLVg1","Robert Grace","2024-05-24","https://i.scdn.co/image/ab67616d0000b2732af2e0a4a35b19a1d5a360af","1","2","159216","https://p.scdn.co/mp3-preview/0f772fcf461d7cb53d158f6f41a95fc14c7fd5c4?cid=9950ac751e34487dbbe027c4fd7f8e99","false","59","DEE862202338","spotify:user:31eggmwgwd6b5f4672kiiveoehya","2024-06-10T18:26:08Z"
"spotify:track:08mpiFeuRWQeJsswcdSTDl","Falling Faster","spotify:artist:7wS3LzIpvpoPcpZKFpFAv0","Dylan Espeseth","spotify:album:55Kd1nwppQaWjuKmphoeih","Falling Faster","spotify:artist:7wS3LzIpvpoPcpZKFpFAv0","Dylan Espeseth","2021-11-19","https://i.scdn.co/image/ab67616d0000b2737c467612774f4e4d1d77d223","1","1","92141","https://p.scdn.co/mp3-preview/f269a99a3be1b64f412ff53c7fd1774d824abb88?cid=9950ac751e34487dbbe027c4fd7f8e99","false","0","GX53U2024262","spotify:user:31eggmwgwd6b5f4672kiiveoehya","2024-06-17T15:01:27Z"
"spotify:track:2Gt7fjNlx901pPRkvBiNBZ","Take Me Back To Eden","spotify:artist:2n2RSaZqBuUUukhbLlpnE6","Sleep Token","spotify:album:1gjugH97doz3HktiEjx2vY","Take Me Back To Eden","spotify:artist:2n2RSaZqBuUUukhbLlpnE6","Sleep Token","2023-05-19","https://i.scdn.co/image/ab67616d0000b2730b73608b678f169d3c8f35f0","1","11","500116","https://p.scdn.co/mp3-preview/2ec75ff949ee63d07be0371ecb5c7b3e368df09d?cid=9950ac751e34487dbbe027c4fd7f8e99","false","77","GBUM72200350","spotify:user:31eggmwgwd6b5f4672kiiveoehya","2024-06-22T13:42:47Z"
"spotify:track:1Uifdytv882RtTn6Gr4xAA","Chokehold","spotify:artist:2n2RSaZqBuUUukhbLlpnE6","Sleep Token","spotify:album:1gjugH97doz3HktiEjx2vY","Take Me Back To Eden","spotify:artist:2n2RSaZqBuUUukhbLlpnE6","Sleep Token","2023-05-19","https://i.scdn.co/image/ab67616d0000b2730b73608b678f169d3c8f35f0","1","1","304023","https://p.scdn.co/mp3-preview/668a47fd87e33cdea2d5af2ed5c1915796173c2d?cid=9950ac751e34487dbbe027c4fd7f8e99","false","70","GBUM72200345","spotify:user:31eggmwgwd6b5f4672kiiveoehya","2024-07-03T13:55:06Z"
"spotify:track:482VrGqligzE7Yl2yGfwU9","Monolith","spotify:artist:6eBzo4uEucc3vbdAmFS4BQ","Twin Pumpkin","spotify:album:33sFjboP4N6PamEgJq048p","Monolith","spotify:artist:6eBzo4uEucc3vbdAmFS4BQ","Twin Pumpkin","2019-05-15","https://i.scdn.co/image/ab67616d0000b273125653ebdeab91e80519ef82","1","1","226000","https://p.scdn.co/mp3-preview/7fe9c188476f2184a46ae95e5d323aa3201e0ae4?cid=9950ac751e34487dbbe027c4fd7f8e99","true","0","QZGLS1950679","spotify:user:31eggmwgwd6b5f4672kiiveoehya","2024-07-30T18:59:15Z"
"spotify:track:51qQD5hzUROev9YPJ0usdT","Holy Water","spotify:artist:4iGsihTcyZ80RQFZhC8bf8","The Funeral Portrait","spotify:album:3s8wSBcZOVeQQJUKMFqvXj","Holy Water","spotify:artist:4iGsihTcyZ80RQFZhC8bf8","The Funeral Portrait","2019-07-12","https://i.scdn.co/image/ab67616d0000b2739acb82213815fe7c5517676d","1","1","180000","https://p.scdn.co/mp3-preview/6106e5e8ddfd937213e823e61a21dc277091e944?cid=9950ac751e34487dbbe027c4fd7f8e99","false","36","TCAEG1961636","spotify:user:31eggmwgwd6b5f4672kiiveoehya","2024-09-15T20:24:20Z"
"spotify:track:5yvG6V9WZDQDmne0eeWJAq","Black X White","spotify:artist:4UhExRgMW9QR7oNmTI2lPG","Arrested Youth","spotify:album:2fTbjcKyLjNYISmeXNMrn8","Fear","spotify:artist:4UhExRgMW9QR7oNmTI2lPG","Arrested Youth","2018-09-27","https://i.scdn.co/image/ab67616d0000b273ce3ccb7b9e4ef4b3f58eebdc","1","7","186238","https://p.scdn.co/mp3-preview/03e2122cae45643d5f2998cdc712b9745994cb29?cid=9950ac751e34487dbbe027c4fd7f8e99","false","47","GBKPL1821812","spotify:user:31eggmwgwd6b5f4672kiiveoehya","2024-10-13T23:02:10Z"
"spotify:track:2v2tACRdYHWFMuUIvSI4fL","Burning Bright","spotify:artist:70BYFdaZbEKbeauJ670ysI","Shinedown","spotify:album:0gLVNSNAW4ghjFqHMDFA3l","Leave a Whisper (Deluxe Edition)","spotify:artist:70BYFdaZbEKbeauJ670ysI","Shinedown","2003-07-15","https://i.scdn.co/image/ab67616d0000b273d609342d04c349815b5fe099","1","6","227106","https://p.scdn.co/mp3-preview/5b7ea25e218e75a1ef261d3f14e4338b864abb52?cid=9950ac751e34487dbbe027c4fd7f8e99","false","60","USAT20300840","spotify:user:31eggmwgwd6b5f4672kiiveoehya","2024-10-14T23:20:57Z"
"spotify:track:0r35myCx5c9jhiP5oQ5pF4","Beast Inside","spotify:artist:15ta8kCdcQOwAIiSN6I88k, spotify:artist:5tFRohaO5yEsuJxmMnlCO9","EDVN, Barns Courtney","spotify:album:1DZkQkU1RhSjh18i7O10Uz","Beast Inside","spotify:artist:15ta8kCdcQOwAIiSN6I88k","EDVN","2024-09-06","https://i.scdn.co/image/ab67616d0000b273529027adaf1364ca65c74181","1","1","214029","https://p.scdn.co/mp3-preview/0b29c017fd5400a7b6cde82f8c85d5739583aec4?cid=9950ac751e34487dbbe027c4fd7f8e99","false","0","QZTB92402010","spotify:user:31eggmwgwd6b5f4672kiiveoehya","2024-10-20T18:16:36Z"
"spotify:track:2HQXLsU8j3chLoxIDxq3Vu","Filthy Animals","spotify:artist:2uMWUtg8XLpJxNSqbGOkl1","All Good Things","spotify:album:6GJtdvQRdh5QyWZYA1qm72","Filthy Animals","spotify:artist:2uMWUtg8XLpJxNSqbGOkl1","All Good Things","2024-09-27","https://i.scdn.co/image/ab67616d0000b273c5b0ec30edf55437b41280aa","1","1","235770","https://p.scdn.co/mp3-preview/d3c48b7772038581327589e6a32bc5a710ecc82b?cid=9950ac751e34487dbbe027c4fd7f8e99","false","27","TCAIM2430223","spotify:user:31eggmwgwd6b5f4672kiiveoehya","2024-10-20T19:13:58Z"
"spotify:track:20yXNexf2HKlT880kZOPDO","Otherside","spotify:artist:2fPsJqR6zfoHatC1eFr0eQ","Livingston","spotify:album:1uF7mH0aRefjD1NDvpTPys","Otherside","spotify:artist:2fPsJqR6zfoHatC1eFr0eQ","Livingston","2023-10-06","https://i.scdn.co/image/ab67616d0000b2732001852d3711355e639bc0b9","1","1","181690","https://p.scdn.co/mp3-preview/753615a0293afaafbe0c8494961f3e583f72c0de?cid=9950ac751e34487dbbe027c4fd7f8e99","false","50","QM24S2306457","spotify:user:31eggmwgwd6b5f4672kiiveoehya","2024-10-27T20:35:28Z"
"spotify:track:3WgSSo4SoHQjodjiRG71eX","Kingdom Of Cards","spotify:artist:3Ri4H12KFyu98LMjSoij5V","Bad Omens","spotify:album:4mnWuZnKFFwQoVP3U8RI17","Finding God Before God Finds Me","spotify:artist:3Ri4H12KFyu98LMjSoij5V","Bad Omens","2019-08-02","https://i.scdn.co/image/ab67616d0000b273dc5398e2eb5060603d86b50d","1","1","261600","https://p.scdn.co/mp3-preview/830c863d2ff2b845655e3e1aa96c0e4b7cb615c1?cid=9950ac751e34487dbbe027c4fd7f8e99","false","0","USYFZ1917801","spotify:user:31eggmwgwd6b5f4672kiiveoehya","2024-11-04T16:14:52Z"
"spotify:track:5bRUlGjTbV3WlqojhxCDqa","BRAVE NEW WORLD","spotify:artist:0kD8IT1CzF7js2XKM9lLLa","STARSET","spotify:album:2oJJxFn3IOAlbvdX6cS2BH","DYSTOPIA","spotify:artist:0kD8IT1CzF7js2XKM9lLLa","STARSET","2024-11-08","https://i.scdn.co/image/ab67616d0000b273038d993b1b24ea75d6c9d62a","1","4","263942","","true","27","US5262426538","spotify:user:31eggmwgwd6b5f4672kiiveoehya","2024-11-09T05:40:55Z"
"spotify:track:0B4YX3OMtZSmPm9KpiZKl2","Alkaline","spotify:artist:2n2RSaZqBuUUukhbLlpnE6","Sleep Token","spotify:album:4SD2UxRO9OgeSCQK0PN7cC","This Place Will Become Your Tomb","spotify:artist:2n2RSaZqBuUUukhbLlpnE6","Sleep Token","2021-09-24","https://i.scdn.co/image/ab67616d0000b27336afd3d53b6dcc59f3563cf9","1","7","214106","https://p.scdn.co/mp3-preview/0965f397de2fe4fee17c02242f471ea2fda16e64?cid=9950ac751e34487dbbe027c4fd7f8e99","false","74","GBUM72101269","spotify:user:31eggmwgwd6b5f4672kiiveoehya","2024-11-18T02:15:03Z"
"spotify:track:7MK21UAFrkb79imh8zR4W6","Human","spotify:artist:4dwdTW1Lfiq0cM8nBAqIIz","Of Monsters and Men","spotify:album:2mD97VgxTRfwB8F5tvkwrL","Beneath The Skin","spotify:artist:4dwdTW1Lfiq0cM8nBAqIIz","Of Monsters and Men","2015-06-05","https://i.scdn.co/image/ab67616d0000b273bfac187296a90fcb0a5f97c0","1","2","237813","","false","29","USUG11500396","spotify:user:31eggmwgwd6b5f4672kiiveoehya","2024-12-18T04:03:00Z"
"spotify:track:3AHNLrPiRcQaPpSRw1FJyk","The Emptiness Machine","spotify:artist:1S4xN9nvW5vlFoRBisdxUL","Halocene","spotify:album:4k9uADHlQRcD6LcjQKlRjC","The Emptiness Machine","spotify:artist:1S4xN9nvW5vlFoRBisdxUL","Halocene","2024-11-22","https://i.scdn.co/image/ab67616d0000b2737270c87290290b50d63094b0","1","1","194673","https://p.scdn.co/mp3-preview/c1ef39d33fd0c038ff214b877d3c3cf4b85ad336?cid=9950ac751e34487dbbe027c4fd7f8e99","true","31","QZPJ32423841","spotify:user:31eggmwgwd6b5f4672kiiveoehya","2024-12-23T06:34:25Z"
"spotify:track:1AZ1fGDfDtaCg0CQOrQ7ni","Plenty","spotify:artist:52KatchKjz0L2amwBDxxwO","aeseaes","spotify:album:6WhTdZZhr7h6yMp7fe2qxv","Plenty","spotify:artist:52KatchKjz0L2amwBDxxwO","aeseaes","2024-05-17","https://i.scdn.co/image/ab67616d0000b2731a9199c7fc754eafb69a7010","1","1","150036","https://p.scdn.co/mp3-preview/633332ad8ac41b976b82b59ef74994f34d1b0b21?cid=9950ac751e34487dbbe027c4fd7f8e99","false","49","QZ5FN1761986","spotify:user:31eggmwgwd6b5f4672kiiveoehya","2025-01-08T18:54:23Z"
"spotify:track:3fpCHHmFbeD5AuLYPMBb31","Wolf In Sheep's Clothing [REBORN]","spotify:artist:2IeMt1qx6ZVt1HFjdfE5tl, spotify:artist:6jDwZUFYUH1dC4xWzOd8QU","Jonathan Young, Caleb Hyles","spotify:album:5LQnlHQWhdbQcM0BUs77eq","Wolf In Sheep's Clothing [REBORN]","spotify:artist:2IeMt1qx6ZVt1HFjdfE5tl, spotify:artist:6jDwZUFYUH1dC4xWzOd8QU","Jonathan Young, Caleb Hyles","2025-02-06","https://i.scdn.co/image/ab67616d0000b273a60737772016ff3e40055f53","1","1","199389","https://p.scdn.co/mp3-preview/529d95f28cc86b7e54ab55feba354f1d73d9cc07?cid=9950ac751e34487dbbe027c4fd7f8e99","true","29","QZPEW2548659","spotify:user:31eggmwgwd6b5f4672kiiveoehya","2025-02-07T03:05:37Z"
"spotify:track:71bOaf3Ai4pHK4tqOJqmEi","I Feel Fine (remix)","spotify:artist:2EzEehpkduwnWPYQdHaJfi, spotify:artist:5bO289lfxAHDKDrrR7UytN, spotify:artist:1Fyox4IUt6IbIoM7kD6iOH","Lucky Dog, MYTCH, AllBalloonsPop","spotify:album:121eb1gs0iwY5GmXda1Cde","I Feel Fine (remix)","spotify:artist:2EzEehpkduwnWPYQdHaJfi, spotify:artist:5bO289lfxAHDKDrrR7UytN, spotify:artist:1Fyox4IUt6IbIoM7kD6iOH","Lucky Dog, MYTCH, AllBalloonsPop","2025-02-14","https://i.scdn.co/image/ab67616d0000b2730a8e75ec679c5763ddf4da69","1","1","194358","https://p.scdn.co/mp3-preview/aa3fb21717642af141b4d16f365ec83a39141767?cid=9950ac751e34487dbbe027c4fd7f8e99","false","0","QZFZ62538132","spotify:user:31eggmwgwd6b5f4672kiiveoehya","2025-02-16T19:27:38Z"
"spotify:track:0yNiaePZow0ycdrmLV0J7y","1985","spotify:artist:2Waw2sSbqvAwK8NwACNjVo","Bo Burnham","spotify:album:73nnfo3idQepE031scuaBJ","THE INSIDE OUTTAKES","spotify:artist:2Waw2sSbqvAwK8NwACNjVo","Bo Burnham","2022-06-02","https://i.scdn.co/image/ab67616d0000b273f9bc86bf12d31f62d691c0cc","1","4","146654","https://p.scdn.co/mp3-preview/6b69ed4cc3024d85e9af983d21e1fcb4c06a2e05?cid=9950ac751e34487dbbe027c4fd7f8e99","true","71","USA2P2225075","spotify:user:31eggmwgwd6b5f4672kiiveoehya","2025-02-17T00:31:07Z"
"spotify:track:7dy2aVlNO91laWbvfP8KY6","NPC","spotify:artist:00YTqRClk82aMchQQpYMd5","Our Last Night","spotify:album:3huYKWBrjxU3ayUkAQHNuY","NPC","spotify:artist:00YTqRClk82aMchQQpYMd5","Our Last Night","2025-04-04","https://i.scdn.co/image/ab67616d0000b273518ded695dd293d96992d2c1","1","1","213586","https://p.scdn.co/mp3-preview/284158bfa0ea7ce5cc300d32949b0b451c007bed?cid=9950ac751e34487dbbe027c4fd7f8e99","false","27","QZES52559672","spotify:user:31eggmwgwd6b5f4672kiiveoehya","2025-04-05T15:21:29Z"
"spotify:track:1ulH5PIntNj0ro2K69W4Fx","Damocles","spotify:artist:2n2RSaZqBuUUukhbLlpnE6","Sleep Token","spotify:album:5ariqOmY9FYLTn2HmXcwAw","Damocles","spotify:artist:2n2RSaZqBuUUukhbLlpnE6","Sleep Token","2025-04-25","https://i.scdn.co/image/ab67616d0000b2735064e08433868d1edca6e60e","1","1","264836","https://p.scdn.co/mp3-preview/6acaa5db8d3159099f87ccf933f36b8dd905124c?cid=9950ac751e34487dbbe027c4fd7f8e99","false","62","USRC12500020","spotify:user:31eggmwgwd6b5f4672kiiveoehya","2025-04-25T05:24:26Z"
"spotify:track:2qaVezWJLOr9F6qLiwnQhm","Ordinary","spotify:artist:00YTqRClk82aMchQQpYMd5","Our Last Night","spotify:album:2blyg2yoGcoST35w2IqkSf","Ordinary","spotify:artist:00YTqRClk82aMchQQpYMd5","Our Last Night","2025-05-30","https://i.scdn.co/image/ab67616d0000b2734f768908ca7d2a31d4f472c6","1","1","175932","https://p.scdn.co/mp3-preview/96bc0c4afdbd4551b58655811c095af8c9ac0c93?cid=9950ac751e34487dbbe027c4fd7f8e99","false","47","QZNWU2589870","spotify:user:31eggmwgwd6b5f4672kiiveoehya","2025-05-30T07:11:24Z"
"spotify:track:5HvQiT622BtFiFj5cVfXN2","Make Believe","spotify:artist:6VsU92soWFLtVsSP65rkrN","The Faim","spotify:album:6aOJNYWPlEWj50sKvCwa90","Summer Is a Curse","spotify:artist:6VsU92soWFLtVsSP65rkrN","The Faim","2018-09-07","https://i.scdn.co/image/ab67616d0000b273a70a1feabc37cd4755dfaa49","1","3","204386","https://p.scdn.co/mp3-preview/a4d7d5c75f17fc4a2bbcccebcd0e9a9db49a831a?cid=9950ac751e34487dbbe027c4fd7f8e99","false","40","QMRSZ1800361","spotify:user:31eggmwgwd6b5f4672kiiveoehya","2025-08-18T09:56:11Z"
"spotify:track:0aubGuvu0FkCCHIRroTS8e","Humans","spotify:artist:6VsU92soWFLtVsSP65rkrN","The Faim","spotify:album:20gsqlzht7uh9ITB2CynVY","State of Mind","spotify:artist:6VsU92soWFLtVsSP65rkrN","The Faim","2019-09-13","https://i.scdn.co/image/ab67616d0000b27353c8cfd4455dd731301d55ca","1","2","188253","https://p.scdn.co/mp3-preview/4e45ad7bc963e0a92fc484aa306f2849e96f715d?cid=9950ac751e34487dbbe027c4fd7f8e99","false","45","QMRSZ1901295","spotify:user:31eggmwgwd6b5f4672kiiveoehya","2025-08-18T10:28:02Z"
"spotify:track:3zN4WcP9nzXzmK2RCChWAm","Saints of the Sinners","spotify:artist:6VsU92soWFLtVsSP65rkrN","The Faim","spotify:album:4jw4mqvUSVR2ztdVsMOnV5","Saints of the Sinners","spotify:artist:6VsU92soWFLtVsSP65rkrN","The Faim","2018-02-05","https://i.scdn.co/image/ab67616d0000b2736c70a1135c8cdf546a47b0de","1","1","182989","https://p.scdn.co/mp3-preview/7d6ea4b272528d9b7d89815942e435f1798997f4?cid=9950ac751e34487dbbe027c4fd7f8e99","false","48","QMRSZ1800064","spotify:user:31eggmwgwd6b5f4672kiiveoehya","2025-08-18T11:13:50Z"
"spotify:track:0FDY2EHOv32kUoqplU1hdY","Diggy Diggy Hole","spotify:artist:67ps5pbKVO7V9Fcb4lTIXz","Wind Rose","spotify:album:41qphLDtonmyZmvO5gnoui","Wintersaga","spotify:artist:67ps5pbKVO7V9Fcb4lTIXz","Wind Rose","2019-09-27","https://i.scdn.co/image/ab67616d0000b27320c067bd425e8ab2230abe58","1","4","315986","https://p.scdn.co/mp3-preview/41ae8a9588b3c5f9cbdac3bdcb7c32e5d22a7a03?cid=9950ac751e34487dbbe027c4fd7f8e99","false","66","ATN261985904","spotify:user:31eggmwgwd6b5f4672kiiveoehya","2025-08-18T17:33:59Z"
"spotify:track:4OsLDuaH0bWR6xM6nj66F8","F.C.P.R.E.M.I.X.","spotify:artist:5fuQrhMRYMtoO9uOlFad4P","The Fall of Troy","spotify:album:4yGGtM3VghcKn4dPYZ2xFE","Doppelganger","spotify:artist:5fuQrhMRYMtoO9uOlFad4P","The Fall of Troy","2005","https://i.scdn.co/image/ab67616d0000b27362f0f15dfc1cec391dfe577c","1","3","237680","https://p.scdn.co/mp3-preview/f600bb4944c65d348c6ecffca019b32bacd3b1a5?cid=9950ac751e34487dbbe027c4fd7f8e99","false","62","US3X50511203","spotify:user:31eggmwgwd6b5f4672kiiveoehya","2025-08-20T17:11:17Z"
"spotify:track:7pMVB2oz4Q4SlfTvvevNro","What It's Like","spotify:artist:14ZxDAK6ITtZZqPdiWrvSn","Everlast","spotify:album:2Wbxdj9ABLszNA9xuGGQft","Whitey Ford Sings The Blues","spotify:artist:14ZxDAK6ITtZZqPdiWrvSn","Everlast","1998-09-08","https://i.scdn.co/image/ab67616d0000b27314ced9c374e04abd08e1c9f6","1","4","303133","https://p.scdn.co/mp3-preview/7201ee7b266a22b14fec558da92f8176149ce3af?cid=9950ac751e34487dbbe027c4fd7f8e99","true","2","USRH10904472","spotify:user:31eggmwgwd6b5f4672kiiveoehya","2025-08-20T18:57:40Z"
"spotify:track:43M887azoJrsud1ktfPtX0","Kids//Ghosts","spotify:artist:6eBzo4uEucc3vbdAmFS4BQ","Twin Pumpkin","spotify:album:1pQs8evyg1J9pPDXsADbO1","TxPx.Mixtape.012: Road to CARIOCA (vol. 1, 2 & 3)","spotify:artist:6eBzo4uEucc3vbdAmFS4BQ","Twin Pumpkin","2024-07-05","https://i.scdn.co/image/ab67616d0000b2738fbce84b558b73e4e070ffa5","1","6","137472","https://p.scdn.co/mp3-preview/5bef42e93e16dbbe67eaa6fac0d1bb38c5e8fe04?cid=9950ac751e34487dbbe027c4fd7f8e99","false","0","BCIRZ2300015","spotify:user:31eggmwgwd6b5f4672kiiveoehya","2025-08-20T22:13:14Z"
"spotify:track:06v0btRazrSHDX4s1mXSex","Sleepwalking","spotify:artist:46gyXjRIvN1NL1eCB8GBxo","All Time Low","spotify:album:0gPGmJSxuqrpvXiWdOLcRh","Tell Me I'm Alive","spotify:artist:46gyXjRIvN1NL1eCB8GBxo","All Time Low","2023-03-17","https://i.scdn.co/image/ab67616d0000b2735a08a5e6991ee04fdcaacf2d","1","4","187344","https://p.scdn.co/mp3-preview/addb117aa440f80ab48201e9f06a3301f6dbe8d7?cid=9950ac751e34487dbbe027c4fd7f8e99","false","61","USAT22217358","spotify:user:31eggmwgwd6b5f4672kiiveoehya","2025-08-21T09:07:24Z"
"spotify:track:7GZKme55JpmLq3alBDQm11","Dirty Laundry","spotify:artist:46gyXjRIvN1NL1eCB8GBxo","All Time Low","spotify:album:0gpNGTVNivS2wB32tzV3OH","Last Young Renegade","spotify:artist:46gyXjRIvN1NL1eCB8GBxo","All Time Low","2017-06-02","https://i.scdn.co/image/ab67616d0000b273634ebb5b4796e92c00da986f","1","3","197640","https://p.scdn.co/mp3-preview/dd2d76d5522dbcc5e0755406c51edf2f883b670b?cid=9950ac751e34487dbbe027c4fd7f8e99","false","48","USAT21700283","spotify:user:31eggmwgwd6b5f4672kiiveoehya","2025-08-22T15:53:09Z"
"spotify:track:420JGkyLfLUZcgBHKiIK9v","45","spotify:artist:70BYFdaZbEKbeauJ670ysI","Shinedown","spotify:album:0gLVNSNAW4ghjFqHMDFA3l","Leave a Whisper (Deluxe Edition)","spotify:artist:70BYFdaZbEKbeauJ670ysI","Shinedown","2003-07-15","https://i.scdn.co/image/ab67616d0000b273d609342d04c349815b5fe099","1","12","250093","https://p.scdn.co/mp3-preview/5a51a40e7292045ae69ab3a3f08f8ff0f746a88b?cid=9950ac751e34487dbbe027c4fd7f8e99","false","74","USAT20300846","spotify:user:31eggmwgwd6b5f4672kiiveoehya","2025-08-23T18:41:00Z"
"spotify:track:1fnULsZuORnAgCFFbM8nTZ","State of My Head","spotify:artist:70BYFdaZbEKbeauJ670ysI","Shinedown","spotify:album:7969zwJB8p021EBcCUjsv9","Threat to Survival","spotify:artist:70BYFdaZbEKbeauJ670ysI","Shinedown","2015-09-18","https://i.scdn.co/image/ab67616d0000b2737b6fda92d5912fef92f373de","1","3","205653","https://p.scdn.co/mp3-preview/187346f7cf6ff1c18aa162435b0804a36aaf4952?cid=9950ac751e34487dbbe027c4fd7f8e99","false","67","USAT21502573","spotify:user:31eggmwgwd6b5f4672kiiveoehya","2025-08-23T19:05:56Z"
"spotify:track:7g2LuO2QFplZfsLKRFiVHl","Planet Zero","spotify:artist:70BYFdaZbEKbeauJ670ysI","Shinedown","spotify:album:7tWcsQLHpvXnUPN1jsSaGw","Planet Zero","spotify:artist:70BYFdaZbEKbeauJ670ysI","Shinedown","2022-07-01","https://i.scdn.co/image/ab67616d0000b2738b652c5ed3633e45a4072b47","1","3","222738","https://p.scdn.co/mp3-preview/b2f29b829e5d706ca4a05cc6f749ed4a18b4abcb?cid=9950ac751e34487dbbe027c4fd7f8e99","false","60","USAT22108481","spotify:user:31eggmwgwd6b5f4672kiiveoehya","2025-08-23T19:31:14Z"
"spotify:track:5fcfRUBheqJ4l8JwzP15gP","Dead Don’t Die","spotify:artist:70BYFdaZbEKbeauJ670ysI","Shinedown","spotify:album:7tWcsQLHpvXnUPN1jsSaGw","Planet Zero","spotify:artist:70BYFdaZbEKbeauJ670ysI","Shinedown","2022-07-01","https://i.scdn.co/image/ab67616d0000b2738b652c5ed3633e45a4072b47","1","6","194730","https://p.scdn.co/mp3-preview/9f44b7ab4fe337f796f031a33c9e8df9f735c048?cid=9950ac751e34487dbbe027c4fd7f8e99","false","59","USAT22108484","spotify:user:31eggmwgwd6b5f4672kiiveoehya","2025-08-24T08:29:07Z"
"spotify:track:1CmhkiXegdbj3Ewizvdg2Q","Best Friends","spotify:artist:4ZgQDCtRqZlhLswVS6MHN4","grandson","spotify:album:2PXgQvDa1D8SHIzko5a1pP","Best Friends","spotify:artist:4ZgQDCtRqZlhLswVS6MHN4","grandson","2017-04-12","https://i.scdn.co/image/ab67616d0000b273654640e5864f00d8bf6962da","1","1","179839","https://p.scdn.co/mp3-preview/1e07f3a8ee4e7b25b434c238414d175f396131d6?cid=9950ac751e34487dbbe027c4fd7f8e99","true","52","USRC11700085","spotify:user:31eggmwgwd6b5f4672kiiveoehya","2025-08-27T17:55:26Z"
"spotify:track:2WtFbotxC95UD2r1RzE036","V.A.N","spotify:artist:3Ri4H12KFyu98LMjSoij5V, spotify:artist:5mlbvTfWUOfDrUIK6dkNzv","Bad Omens, Poppy","spotify:album:4syhGzikXsrKqlOUA9s9ld","CONCRETE JUNGLE [THE OST]","spotify:artist:3Ri4H12KFyu98LMjSoij5V","Bad Omens","2024-05-31","https://i.scdn.co/image/ab67616d0000b2735e880f3245d99ba61c456012","1","2","274098","https://p.scdn.co/mp3-preview/2947a6879b44365a097af796c9ca9c82866a7f9b?cid=9950ac751e34487dbbe027c4fd7f8e99","false","1","USYFZ2399601","spotify:user:31eggmwgwd6b5f4672kiiveoehya","2025-08-27T19:43:26Z"
"spotify:track:32QCuFXkNIIqtcVUPOAvn9","Burning Out","spotify:artist:3Ri4H12KFyu98LMjSoij5V","Bad Omens","spotify:album:30IYyCP3Ptfat4hO5alq7b","Finding God Before God Finds Me (Deluxe)","spotify:artist:3Ri4H12KFyu98LMjSoij5V","Bad Omens","2020-01-17","https://i.scdn.co/image/ab67616d0000b27394142b2bc30da66a2d381fc8","1","9","265400","https://p.scdn.co/mp3-preview/a043746a4d77b4c325394c5e5c56e1567416467a?cid=9950ac751e34487dbbe027c4fd7f8e99","false","0","USYFZ1917809","spotify:user:31eggmwgwd6b5f4672kiiveoehya","2025-08-27T20:04:51Z"
"spotify:track:5KqCGxyXVGskTtnEUmLVXv","Celebrate","spotify:artist:1FgsVeOhRYuSw2ghkIXV0A","DREAMERS","spotify:album:6tPdQZsetTB8YW1cjuk9u4","LAUNCH FLY LAND","spotify:artist:1FgsVeOhRYuSw2ghkIXV0A","DREAMERS","2019-04-26","https://i.scdn.co/image/ab67616d0000b2735ff2144720724c063d46e75a","1","3","198594","","false","26","USHR11939103","spotify:user:31eggmwgwd6b5f4672kiiveoehya","2025-08-30T03:33:41Z"
"spotify:track:1EzcNh41AypVYTLI7k77vp","It's Something to Be Alive","spotify:artist:1FgsVeOhRYuSw2ghkIXV0A","DREAMERS","spotify:album:6tPdQZsetTB8YW1cjuk9u4","LAUNCH FLY LAND","spotify:artist:1FgsVeOhRYuSw2ghkIXV0A","DREAMERS","2019-04-26","https://i.scdn.co/image/ab67616d0000b2735ff2144720724c063d46e75a","1","8","186040","","false","23","USHR11939108","spotify:user:31eggmwgwd6b5f4672kiiveoehya","2025-08-30T12:43:38Z"
"spotify:track:50kwQB1IpNbwwPFox5PQv6","Still Not Dead","spotify:artist:1FgsVeOhRYuSw2ghkIXV0A, spotify:artist:4a9NXVL2Qxsst3B8ezK7nO, spotify:artist:0Pb8ZfFfE2O0pvsFdwVUYl","DREAMERS, American Teeth, Wes Period","spotify:album:1QQRNBDVBOA4uomdDG2MxZ","Palm Reader","spotify:artist:1FgsVeOhRYuSw2ghkIXV0A","DREAMERS","2021-03-05","https://i.scdn.co/image/ab67616d0000b273d21695cfd528c019ba3b7769","1","2","199484","","false","16","USHR12040967","spotify:user:31eggmwgwd6b5f4672kiiveoehya","2025-08-30T23:19:38Z"
"spotify:track:2jFFPUzg8xYkBdD6SyXtTr","Cherry Tree","spotify:artist:6gC0o62L2czajhRciNqN51","Grant Klein","spotify:album:5mvwBhJlb6AviLNaojxFgl","Clementine","spotify:artist:6gC0o62L2czajhRciNqN51","Grant Klein","2020-10-30","https://i.scdn.co/image/ab67616d0000b27325e03b4356d58cd5a5215274","1","3","195531","https://p.scdn.co/mp3-preview/0cfd3e8d92005b8f134a2563597ed3e24dea3c58?cid=9950ac751e34487dbbe027c4fd7f8e99","false","10","TCAEP1913714","spotify:user:31eggmwgwd6b5f4672kiiveoehya","2025-09-01T00:02:10Z"
"spotify:track:1IrGOivhvwzp7b7fICHiPX","San Francisco","spotify:artist:6gC0o62L2czajhRciNqN51","Grant Klein","spotify:album:5mvwBhJlb6AviLNaojxFgl","Clementine","spotify:artist:6gC0o62L2czajhRciNqN51","Grant Klein","2020-10-30","https://i.scdn.co/image/ab67616d0000b27325e03b4356d58cd5a5215274","1","7","106965","https://p.scdn.co/mp3-preview/7c858728922e9419c00834efdc4b54e4389068aa?cid=9950ac751e34487dbbe027c4fd7f8e99","false","1","TCAFE2007794","spotify:user:31eggmwgwd6b5f4672kiiveoehya","2025-09-01T00:29:46Z"
"spotify:track:3vqIflFYYZ4oP8tjRqcgVl","Drama","spotify:artist:31yVivRkrZA3kztkrpAWfn","Shooks","spotify:album:0bMc8btjr862YQVRibWDuG","Drama","spotify:artist:31yVivRkrZA3kztkrpAWfn","Shooks","2022-08-18","https://i.scdn.co/image/ab67616d0000b273e4b0ac1c9195abb0022f5305","1","1","250129","https://p.scdn.co/mp3-preview/a4871a925962ea6af36da6127a27c987f7a69fcd?cid=9950ac751e34487dbbe027c4fd7f8e99","false","23","QZMEQ2298034","spotify:user:31eggmwgwd6b5f4672kiiveoehya","2025-09-02T02:10:24Z"
"spotify:track:3tnpaPMijK6NDcRkZ9lOLG","City People","spotify:artist:31yVivRkrZA3kztkrpAWfn","Shooks","spotify:album:5nBxoh5UksL1Wz3rVcVA5g","Pet","spotify:artist:31yVivRkrZA3kztkrpAWfn","Shooks","2021-05-21","https://i.scdn.co/image/ab67616d0000b27303891db62c645b26a3691122","1","2","228967","https://p.scdn.co/mp3-preview/c6e7a2233c954663ad893eea0d675248b9a79fc7?cid=9950ac751e34487dbbe027c4fd7f8e99","false","4","QZFZ32102392","spotify:user:31eggmwgwd6b5f4672kiiveoehya","2025-09-02T02:35:47Z"
"spotify:track:4vHJVfaYeyURib5feMFQsX","Coma","spotify:artist:30bcJH5kuHVu6RZckrZfFJ","The Moderates","spotify:album:4ai377DNpe0SuMo5qQcKK5","Colour","spotify:artist:30bcJH5kuHVu6RZckrZfFJ","The Moderates","2013-08-06","https://i.scdn.co/image/ab67616d0000b273de7517b4e77957669a8fb371","1","3","162862","https://p.scdn.co/mp3-preview/fa5c12fd9025ccb42cedbe1d3ce56cf5edeaf4cd?cid=9950ac751e34487dbbe027c4fd7f8e99","false","12","TCABP1327834","spotify:user:31eggmwgwd6b5f4672kiiveoehya","2025-09-06T22:57:29Z"
"spotify:track:4IJN0leaczeRjK8EkuNOHw","Red Lipstick","spotify:artist:6jyzpBdGoCLuQdqf4A2uZC","Low Cut High Tops","spotify:album:3XEvPvk95pdFtO9MIQugk6","Eh, Whatever","spotify:artist:6jyzpBdGoCLuQdqf4A2uZC","Low Cut High Tops","2016-02-05","https://i.scdn.co/image/ab67616d0000b27356a0e590ffb8b27f9c320ce4","1","2","209946","https://p.scdn.co/mp3-preview/f6faf68463eccb312c73cb52d34f23320b599a9c?cid=9950ac751e34487dbbe027c4fd7f8e99","false","14","QM3EF1500024","spotify:user:31eggmwgwd6b5f4672kiiveoehya","2025-09-07T02:41:28Z"
"spotify:track:6hSUtguubkhYbcvRibrXDt","It’s My Life I’m Taking It Back","spotify:artist:4UhExRgMW9QR7oNmTI2lPG","Arrested Youth","spotify:album:1Pc2bz9QysgdCoN7CsfnVY","Too Late to Start Over (Unplugged)","spotify:artist:4UhExRgMW9QR7oNmTI2lPG","Arrested Youth","2025-09-05","https://i.scdn.co/image/ab67616d0000b273e012d5e3cb4dce4d3897484e","1","3","200850","https://p.scdn.co/mp3-preview/767065e5d252c46d887f07e23c7507f80d871f9f?cid=9950ac751e34487dbbe027c4fd7f8e99","false","14","CA5KR2586096","spotify:user:31eggmwgwd6b5f4672kiiveoehya","2025-09-13T03:52:20Z"
"spotify:track:04P3RG8NGVtxIJZuX5p8hV","Coma Blue","spotify:artist:7lAi1Cv19DsukgGjbZQxFg","Annisokay","spotify:album:15T4IkcONdpYZFCb9JqsLf","Arms","spotify:artist:7lAi1Cv19DsukgGjbZQxFg","Annisokay","2018-08-17","https://i.scdn.co/image/ab67616d0000b2739860db02d31d596d9be94cd4","1","1","203030","https://p.scdn.co/mp3-preview/1aa6a6eae986ec90ad2d73646e3295b663c2d173?cid=9950ac751e34487dbbe027c4fd7f8e99","true","0","DED831800767","spotify:user:31eggmwgwd6b5f4672kiiveoehya","2025-09-13T20:37:54Z"
"spotify:track:4cbsmd4YxXZNw8KMoxolEC","Not Alone","spotify:artist:4SfKNu30hoXHZRfBFx1W19","Discrepancies","spotify:album:3iI1Xa2b0TQmAvPIqVVDzZ","The Awakening","spotify:artist:4SfKNu30hoXHZRfBFx1W19","Discrepancies","2018-03-23","https://i.scdn.co/image/ab67616d0000b273c24015e37ba1602f458721e7","1","5","251495","https://p.scdn.co/mp3-preview/963cd8b79e88f86e717e333c780830eb96a1a93f?cid=9950ac751e34487dbbe027c4fd7f8e99","false","40","QM9AA1637701","spotify:user:31eggmwgwd6b5f4672kiiveoehya","2025-09-13T20:42:09Z"
"spotify:track:5dRQq7VJ7fHJW1C4PN0rw8","The Tarot","spotify:artist:465sEzqbScCxU03ERH20aa","A Brilliant Lie","spotify:album:5SER8obpomdZ5Pjrq0hc8Y","Threads: Weaver","spotify:artist:465sEzqbScCxU03ERH20aa","A Brilliant Lie","2019-03-29","https://i.scdn.co/image/ab67616d0000b2734b0c6b9ab5ef0c679d3aaee2","1","1","257320","https://p.scdn.co/mp3-preview/9fdaa16ab22f3729c31b8aa557c356674a25d9a7?cid=9950ac751e34487dbbe027c4fd7f8e99","false","2","QZCSQ1800001","spotify:user:31eggmwgwd6b5f4672kiiveoehya","2025-09-13T21:17:57Z"
"spotify:track:0UNDrAptMY5glGrcdr93Kx","Happier (feat. Oli Sykes of Bring Me The Horizon)","spotify:artist:6Ad91Jof8Niiw0lGLLi3NW, spotify:artist:1UXEXWWOTTZNlyFapwHDbW, spotify:artist:1Ffb6ejR6Fe5IamqA5oRUF","YUNGBLUD, Oli Sykes, Bring Me The Horizon","spotify:album:4Xkn1QDxrQQAp1IiK94PcV","Happier (feat. Oli Sykes of Bring Me The Horizon)","spotify:artist:6Ad91Jof8Niiw0lGLLi3NW, spotify:artist:1UXEXWWOTTZNlyFapwHDbW, spotify:artist:1Ffb6ejR6Fe5IamqA5oRUF","YUNGBLUD, Oli Sykes, Bring Me The Horizon","2023-10-17","https://i.scdn.co/image/ab67616d0000b27360e31ae64a3b888f190f3266","1","1","204458","","false","61","USUG12308057","spotify:user:31eggmwgwd6b5f4672kiiveoehya","2025-09-14T01:36:32Z"
"spotify:track:2fKXiHb3ayj9y8819zosPU","kitchen light","spotify:artist:70876OxjZoMWimkWA2Iduq","Josie Edwards","spotify:album:3OieitXQ9KpYzMqIptzlBz","good girls","spotify:artist:70876OxjZoMWimkWA2Iduq","Josie Edwards","2025-09-05","https://i.scdn.co/image/ab67616d0000b2732088c776c7f25bfaef340f4d","1","4","124954","https://p.scdn.co/mp3-preview/577ff9153cedde617d80580c5d1f1ea25ff4a178?cid=9950ac751e34487dbbe027c4fd7f8e99","false","56","QMDA72587931","spotify:user:31eggmwgwd6b5f4672kiiveoehya","2025-09-15T02:29:35Z"
"spotify:track:4mvE2o3da0pd5UY00UDNvB","yolo","spotify:artist:6NywggIfyJeLr7gedhU165","Sleep House","spotify:album:3k19f9v84lO4LBI5QYvsUC","yolo","spotify:artist:6NywggIfyJeLr7gedhU165","Sleep House","2024-06-14","https://i.scdn.co/image/ab67616d0000b273df146a857b7ab9bcd56c2c62","1","1","207668","https://p.scdn.co/mp3-preview/7e95c62735df26dd4de83ea4fe38f8d68429f873?cid=9950ac751e34487dbbe027c4fd7f8e99","false","11","QM6N22487793","spotify:user:31eggmwgwd6b5f4672kiiveoehya","2025-09-19T22:21:09Z"
"spotify:track:1QJbDTZAO8rpGOMG4UahFM","The Line (from the series Arcane League of Legends)","spotify:artist:57nPqD7z62gDdq37US9XJR, spotify:artist:3YQKmKGau1PzlVlkL1iodx","Arcane, Twenty One Pilots","spotify:album:2x6LWti2bjYS6AllSomoV7","Arcane League of Legends: Season 2 (Soundtrack from the Animated Series)","spotify:artist:57nPqD7z62gDdq37US9XJR, spotify:artist:47mIJdHORyRerp4os813jD","Arcane, League of Legends","2024-11-23","https://i.scdn.co/image/ab67616d0000b2734aaf2413384c1efcc38353c6","1","18","192000","https://p.scdn.co/mp3-preview/8a13f11c06be5094bae94eb34b0fd0867fafe91e?cid=9950ac751e34487dbbe027c4fd7f8e99","false","37","USA2P2459604","spotify:user:31eggmwgwd6b5f4672kiiveoehya","2025-09-20T21:22:59Z"
"spotify:track:1wf0JOLtgeGwJ58ouYtOmM","Black Frog","spotify:artist:6eBzo4uEucc3vbdAmFS4BQ, spotify:artist:3dgU4WsBT8vFw7cXp7bJ8j","Twin Pumpkin, Mary More","spotify:album:1fBAz1qmjXAwpDNxhX9kLB","Black Frog","spotify:artist:6eBzo4uEucc3vbdAmFS4BQ, spotify:artist:3dgU4WsBT8vFw7cXp7bJ8j","Twin Pumpkin, Mary More","2020-05-29","https://i.scdn.co/image/ab67616d0000b273705df470da73c89aac0bfffe","1","1","153409","https://p.scdn.co/mp3-preview/16650716458bb2e14953c1ed6b37d00ce7e799ea?cid=9950ac751e34487dbbe027c4fd7f8e99","false","0","QZHZ32067308","spotify:user:31eggmwgwd6b5f4672kiiveoehya","2025-09-21T01:16:17Z"
"spotify:track:4wa5SqWwrdm1TRdaO3GdtJ","Judas Mind","spotify:artist:6B5c4sch27tWHAGdarpPaW","Seether","spotify:album:1EozAc4lNqwMvlAhEEXk6w","The Surface Seems So Far","spotify:artist:6B5c4sch27tWHAGdarpPaW","Seether","2024-09-20","https://i.scdn.co/image/ab67616d0000b2732c02a7879c560c9690b75cc6","1","1","274106","","false","45","USC4R2445103","spotify:user:31eggmwgwd6b5f4672kiiveoehya","2025-09-21T03:38:12Z"
"spotify:track:3bQncwb8OmzEnY94GiqJB9","Headstone","spotify:artist:5fpD3Iuy3RvPzcbWiekX7h","Cilver","spotify:album:5R60KSP6KteDQOmbUfmrA4","Not The End Of The World","spotify:artist:5fpD3Iuy3RvPzcbWiekX7h","Cilver","2016-04-29","https://i.scdn.co/image/ab67616d0000b273cb0aaa5f1663cbfbf9c09480","1","3","216693","https://p.scdn.co/mp3-preview/3a710a469f218164932c7bc15cad9d5a6ef800ce?cid=9950ac751e34487dbbe027c4fd7f8e99","false","35","USKO11502351","spotify:user:31eggmwgwd6b5f4672kiiveoehya","2025-09-22T15:39:41Z"
"spotify:track:6yeSZ9KWPIAOX8JOEO02jh","Zombie","spotify:artist:7t0rwkOPGlDPEhaOcVtOt9","The Cranberries","spotify:album:5b2lWYgY14za4VyjhiF4rC","Zombie","spotify:artist:7t0rwkOPGlDPEhaOcVtOt9","The Cranberries","1994-10-01","https://i.scdn.co/image/ab67616d0000b2739ddc936d3e254f6556363d68","1","2","307440","","false","35","USIR29400443","spotify:user:31eggmwgwd6b5f4672kiiveoehya","2025-09-22T18:20:36Z"
"spotify:track:11QNo3ld81pncy71q6VIic","Downstairs","spotify:artist:3YQKmKGau1PzlVlkL1iodx","Twenty One Pilots","spotify:album:1El3k8dU3sKyoGUeuyrolH","Breach","spotify:artist:3YQKmKGau1PzlVlkL1iodx","Twenty One Pilots","2025-09-12","https://i.scdn.co/image/ab67616d0000b2739c5a3160cc1a6ef5efdaf80a","1","6","326333","https://p.scdn.co/mp3-preview/823aada4a76fb9b6ee86e41c2b8b96218d9b7225?cid=9950ac751e34487dbbe027c4fd7f8e99","false","68","USAT22505502","spotify:user:31eggmwgwd6b5f4672kiiveoehya","2025-09-27T04:13:24Z"
"spotify:track:22BA9h34P0Q2PGZudsEBco","The Contract","spotify:artist:3YQKmKGau1PzlVlkL1iodx","Twenty One Pilots","spotify:album:1El3k8dU3sKyoGUeuyrolH","Breach","spotify:artist:3YQKmKGau1PzlVlkL1iodx","Twenty One Pilots","2025-09-12","https://i.scdn.co/image/ab67616d0000b2739c5a3160cc1a6ef5efdaf80a","1","5","225520","https://p.scdn.co/mp3-preview/018cee158e54eb20b73322f05ced2817f4d76aba?cid=9950ac751e34487dbbe027c4fd7f8e99","false","70","USAT22503458","spotify:user:31eggmwgwd6b5f4672kiiveoehya","2025-09-27T04:33:45Z"
"spotify:track:7wCmS9TTVUcIhRalDYFgPy","Where Is My Mind? - 2007 Remaster","spotify:artist:6zvul52xwTWzilBZl6BUbT","Pixies","spotify:album:50j4Wm1b9hLpSpPIA39Vp9","Surfer Rosa (2007 Remaster)","spotify:artist:6zvul52xwTWzilBZl6BUbT","Pixies","1988-03-21","https://i.scdn.co/image/ab67616d0000b2738aa545a0ea869940cce358b5","1","7","234973","https://p.scdn.co/mp3-preview/03da0b85c9fa2fb5e621e97d4fb145a17aaf7ef1?cid=9950ac751e34487dbbe027c4fd7f8e99","false","82","GBAFL0700145","spotify:user:31eggmwgwd6b5f4672kiiveoehya","2025-09-27T23:17:18Z"
"spotify:track:0ACzgb3sSn1JzdgG6KRTl8","MOVE","spotify:artist:7wTIHB7Udnj65nMz4R5bj9","jesse saint john","spotify:album:073NjWDa9QNtgfwTc80vU7","We Are: The Guard, Vol. 1","spotify:artist:0LyfQWJT6nXafLPZqxe9Of","Various Artists","2021-01-21","https://i.scdn.co/image/ab67616d0000b273063367671f7e9b6ec44a5551","1","7","151728","https://p.scdn.co/mp3-preview/5b9d6d7ed59813126701b4f0f540abfa3fece1a4?cid=9950ac751e34487dbbe027c4fd7f8e99","false","0","QM3EF1800001","spotify:user:31eggmwgwd6b5f4672kiiveoehya","2025-09-28T01:13:35Z"
"spotify:track:3ZdwCZtXWJjMqHlSFgYfIg","Prequel","spotify:artist:2CmaKO2zEGJ1NWpS1yfVGz","Falling In Reverse","spotify:album:2knEuvsxqHMAoxlQpIdpQD","Popular Monster","spotify:artist:2CmaKO2zEGJ1NWpS1yfVGz","Falling In Reverse","2024-08-16","https://i.scdn.co/image/ab67616d0000b273cd850819595472eae0c06f66","1","1","233793","https://p.scdn.co/mp3-preview/4d5f469e3ab64b00b1ae6472a8bce2d16f7baaf9?cid=9950ac751e34487dbbe027c4fd7f8e99","true","66","USEP42414004","spotify:user:31eggmwgwd6b5f4672kiiveoehya","2025-10-06T14:40:16Z"
"spotify:track:1SlxMFZexm81T0tUK6mwni","Watch The World Burn","spotify:artist:2CmaKO2zEGJ1NWpS1yfVGz","Falling In Reverse","spotify:album:2knEuvsxqHMAoxlQpIdpQD","Popular Monster","spotify:artist:2CmaKO2zEGJ1NWpS1yfVGz","Falling In Reverse","2024-08-16","https://i.scdn.co/image/ab67616d0000b273cd850819595472eae0c06f66","1","7","203948","https://p.scdn.co/mp3-preview/8ef37f49815ffa7437cae4432470f6c2a491215f?cid=9950ac751e34487dbbe027c4fd7f8e99","true","72","USEP42231004","spotify:user:31eggmwgwd6b5f4672kiiveoehya","2025-10-06T15:01:25Z"
"spotify:track:2ud51lDyotZ8cUmcm1JTUe","Best Friend to Enemy","spotify:artist:2Z6rBcka8huN62qUWwZSMF","78rpm","spotify:album:5vldhlxaGQSJt7UOYkzVyc","Best Friend to Enemy","spotify:artist:2Z6rBcka8huN62qUWwZSMF","78rpm","2016-12-23","https://i.scdn.co/image/ab67616d0000b273a4f029188938a79ffc9b4949","1","1","208132","https://p.scdn.co/mp3-preview/6ae112ab4ee6ddcdff14caa7402c414a0633873f?cid=9950ac751e34487dbbe027c4fd7f8e99","true","24","USQY51705823","spotify:user:31eggmwgwd6b5f4672kiiveoehya","2025-10-08T17:59:23Z"
"spotify:track:4qWDiqh3TuriwmZzxwjL4X","Free America","spotify:artist:2Z6rBcka8huN62qUWwZSMF, spotify:artist:2p02IVqAJP6sZFKL4AKeyz","78rpm, King Z3us","spotify:album:5nsH1roY6bG5XFB0sPS3Yk","Free America","spotify:artist:2Z6rBcka8huN62qUWwZSMF","78rpm","2016-10-28","https://i.scdn.co/image/ab67616d0000b2732fc081d7828557bdf352df68","1","1","248989","https://p.scdn.co/mp3-preview/cafc86b3b3b525b6b170359f6b91704b2dd3aab7?cid=9950ac751e34487dbbe027c4fd7f8e99","true","4","USQY51607501","spotify:user:31eggmwgwd6b5f4672kiiveoehya","2025-10-08T18:12:35Z"
"spotify:track:1KTJmfwrk5pYqsi9mkY3nT","True Friends","spotify:artist:1Ffb6ejR6Fe5IamqA5oRUF","Bring Me The Horizon","spotify:album:7FqHuAvmREiIwVXVpZ9ooP","That's The Spirit","spotify:artist:1Ffb6ejR6Fe5IamqA5oRUF","Bring Me The Horizon","2015-09-11","https://i.scdn.co/image/ab67616d0000b27390b88187a9831d91f2438927","1","4","232320","https://p.scdn.co/mp3-preview/0c960af29975fe6ddf4db87c763f17f7ca62a383?cid=9950ac751e34487dbbe027c4fd7f8e99","false","70","GBARL1500771","spotify:user:31eggmwgwd6b5f4672kiiveoehya","2025-10-09T19:02:06Z"
"spotify:track:3ItzRpwvKtkDSNdRSjXu7Z","Chelsea Dagger","spotify:artist:3M4ThdJR28z9eSMcQHAZ5G","The Fratellis","spotify:album:6R6pjR9ocMYuqSuNx5e4mg","Costello Music","spotify:artist:3M4ThdJR28z9eSMcQHAZ5G","The Fratellis","2007-01-01","https://i.scdn.co/image/ab67616d0000b27390b7c466e878862b5a9cece3","1","4","215173","","false","68","GBUM70601571","spotify:user:31eggmwgwd6b5f4672kiiveoehya","2025-10-15T01:57:53Z"
"spotify:track:58ge6dfP91o9oXMzq3XkIS","505","spotify:artist:7Ln80lUS6He07XvHI8qqHH","Arctic Monkeys","spotify:album:6rsQnwaoJHxXJRCDBPkBRw","Favourite Worst Nightmare (Standard Version)","spotify:artist:7Ln80lUS6He07XvHI8qqHH","Arctic Monkeys","2007-04-24","https://i.scdn.co/image/ab67616d0000b2730c8ac83035e9588e8ad34b90","1","12","253586","https://p.scdn.co/mp3-preview/1b23606bada6aacb339535944c1fe505898195e1?cid=9950ac751e34487dbbe027c4fd7f8e99","false","86","GBCEL0700074","spotify:user:31eggmwgwd6b5f4672kiiveoehya","2025-10-15T02:04:41Z"
"spotify:track:25FTMokYEbEWHEdss5JLZS","Teenage Dirtbag","spotify:artist:4mYFgEjpQT4IKOrjOUKyXu","Wheatus","spotify:album:3xmKWmqJFoXS22tePO3mgd","Wheatus","spotify:artist:4mYFgEjpQT4IKOrjOUKyXu","Wheatus","1999-02-15","https://i.scdn.co/image/ab67616d0000b2730a3740efa638f10f14fabc46","1","3","241666","https://p.scdn.co/mp3-preview/c5fcaf1d5684a65cbb2ba343f19ccdc328721d54?cid=9950ac751e34487dbbe027c4fd7f8e99","true","88","USSM10008431","spotify:user:31eggmwgwd6b5f4672kiiveoehya","2025-10-15T03:09:12Z"
"spotify:track:5G5NXCSEtBXR0JeB7O9OYF","Jimmy the Chameleon","spotify:artist:7J3lSipHWiQu04bfiirljd","Bennett Woolsey","spotify:album:4gh1wzliMSYEBx9Stgnur1","Jimmy the Chameleon","spotify:artist:7J3lSipHWiQu04bfiirljd","Bennett Woolsey","2020-09-17","https://i.scdn.co/image/ab67616d0000b273e81b5ca4ff5918b8f14aea63","1","1","113366","","false","47","USL4Q2055261","spotify:user:31eggmwgwd6b5f4672kiiveoehya","2025-10-22T04:38:55Z"
"spotify:track:2278iEN5sF0V7WMvPOkLIU","Smooth Criminal","spotify:artist:5aQ6Qvv3uFYMYvulvrFfqC","Matty Carter + Ariel","spotify:album:4OvP46ty2DE2ZPC44HVo50","Smooth Criminal","spotify:artist:5aQ6Qvv3uFYMYvulvrFfqC","Matty Carter + Ariel","2020-01-03","https://i.scdn.co/image/ab67616d0000b2738cbd5ad1f904a5d509f7eae8","1","1","218282","https://p.scdn.co/mp3-preview/edc85ed02d474b00e49af1dd5263edb81212b163?cid=9950ac751e34487dbbe027c4fd7f8e99","false","34","QZK6M1921363","spotify:user:31eggmwgwd6b5f4672kiiveoehya","2025-10-24T01:37:11Z"
"spotify:track:4Yf5bqU3NK4kNOypcrLYwU","Faint","spotify:artist:6XyY86QOPPrYVGvF9ch6wz","Linkin Park","spotify:album:4Gfnly5CzMJQqkUFfoHaP3","Meteora","spotify:artist:6XyY86QOPPrYVGvF9ch6wz","Linkin Park","2003-03-25","https://i.scdn.co/image/ab67616d0000b2735f1f51d14e8bea89484ecd1b","1","7","162106","https://p.scdn.co/mp3-preview/93e66af3a92081740710b18e45dcc9eeff08edbf?cid=9950ac751e34487dbbe027c4fd7f8e99","false","89","USWB10300468","spotify:user:31eggmwgwd6b5f4672kiiveoehya","2025-10-26T05:03:28Z"
"spotify:track:0gchQwxmBWj5no8NJ8b2yH","Sleepwalking","spotify:artist:1Ffb6ejR6Fe5IamqA5oRUF","Bring Me The Horizon","spotify:album:6IYPmM3xsOPL2XPSvf1ZAz","Sempiternal (Expanded Edition)","spotify:artist:1Ffb6ejR6Fe5IamqA5oRUF","Bring Me The Horizon","2013-04-01","https://i.scdn.co/image/ab67616d0000b273566acaba72c5509e3887c4b0","1","4","230090","https://p.scdn.co/mp3-preview/2c4271e9cab852b5989efe9c3717a825e3255397?cid=9950ac751e34487dbbe027c4fd7f8e99","false","76","GBARL1202418","spotify:user:31eggmwgwd6b5f4672kiiveoehya","2025-10-26T05:08:41Z"
"spotify:track:0M3adYbGtyRHACP86dey1H","Throne","spotify:artist:1Ffb6ejR6Fe5IamqA5oRUF","Bring Me The Horizon","spotify:album:7FqHuAvmREiIwVXVpZ9ooP","That's The Spirit","spotify:artist:1Ffb6ejR6Fe5IamqA5oRUF","Bring Me The Horizon","2015-09-11","https://i.scdn.co/image/ab67616d0000b27390b88187a9831d91f2438927","1","3","191520","https://p.scdn.co/mp3-preview/097fd0baa4ccec279082054fd7374e767bdcea43?cid=9950ac751e34487dbbe027c4fd7f8e99","false","79","GBARL1500770","spotify:user:31eggmwgwd6b5f4672kiiveoehya","2025-10-26T05:12:46Z"
"spotify:track:68osIGtVjM7QWVe6pazLHj","Shadow Moses","spotify:artist:1Ffb6ejR6Fe5IamqA5oRUF","Bring Me The Horizon","spotify:album:6IYPmM3xsOPL2XPSvf1ZAz","Sempiternal (Expanded Edition)","spotify:artist:1Ffb6ejR6Fe5IamqA5oRUF","Bring Me The Horizon","2013-04-01","https://i.scdn.co/image/ab67616d0000b273566acaba72c5509e3887c4b0","1","6","243327","https://p.scdn.co/mp3-preview/079a33d23c07a7daf8c601b43da23532aae357e6?cid=9950ac751e34487dbbe027c4fd7f8e99","true","73","GBARL1202153","spotify:user:31eggmwgwd6b5f4672kiiveoehya","2025-10-26T05:35:20Z"
"spotify:track:60mHJRv2QF3mK8lgtYSGiF","Diamonds Aren't Forever","spotify:artist:1Ffb6ejR6Fe5IamqA5oRUF","Bring Me The Horizon","spotify:album:5gLPHzNPjPb2wfZRx7pwj6","Suicide Season","spotify:artist:1Ffb6ejR6Fe5IamqA5oRUF","Bring Me The Horizon","2008-09-29","https://i.scdn.co/image/ab67616d0000b273f9b5b23a53f77bebe0283a18","1","7","228066","https://p.scdn.co/mp3-preview/f94bf38f2ce11b9b8e8bbd0850632ca14c93cb60?cid=9950ac751e34487dbbe027c4fd7f8e99","true","59","GBEGS0800089","spotify:user:31eggmwgwd6b5f4672kiiveoehya","2025-11-03T18:03:06Z"
"spotify:track:03bb6AxzMre5LjZzTiLb1r","Eiley","spotify:artist:2XziUthG3Ug3eiWuE5KRsp","Too Close To Touch","spotify:album:2nGyrk4CKknFVjrEZQud7l","Haven't Been Myself","spotify:artist:2XziUthG3Ug3eiWuE5KRsp","Too Close To Touch","2016-09-23","https://i.scdn.co/image/ab67616d0000b273e9c6a673abedd093c35e3eae","1","11","277093","https://p.scdn.co/mp3-preview/ef68d1ba3544adeab6868f2e15c9a13ea6b02634?cid=9950ac751e34487dbbe027c4fd7f8e99","false","53","USEP41629011","spotify:user:31eggmwgwd6b5f4672kiiveoehya","2025-11-02T21:08:12Z"
"spotify:track:50NQdrO55nqwZrDwKny5NH","Not Good Enough For Truth In Cliché","spotify:artist:5ojhEavq6altxW8fWIlLum","Escape the Fate","spotify:album:01ufkmZ5R6UvEqKWfuNotw","Dying Is Your Latest Fashion","spotify:artist:5ojhEavq6altxW8fWIlLum","Escape the Fate","2006-10-03","https://i.scdn.co/image/ab67616d0000b2732541614ba5551322c8a1a478","1","10","231506","https://p.scdn.co/mp3-preview/61ab9af270301c861a27b2e9c42ec7f017cc6dd1?cid=9950ac751e34487dbbe027c4fd7f8e99","false","68","USEP40622208","spotify:user:31eggmwgwd6b5f4672kiiveoehya","2025-11-02T21:22:57Z"
"spotify:track:1DbdQp5dwuawBGmxSHw6Fr","Empire (Let Them Sing)","spotify:artist:1Ffb6ejR6Fe5IamqA5oRUF","Bring Me The Horizon","spotify:album:6IYPmM3xsOPL2XPSvf1ZAz","Sempiternal (Expanded Edition)","spotify:artist:1Ffb6ejR6Fe5IamqA5oRUF","Bring Me The Horizon","2013-04-01","https://i.scdn.co/image/ab67616d0000b273566acaba72c5509e3887c4b0","1","3","225699","https://p.scdn.co/mp3-preview/1caec087afa3db8c53e4d25d7b60c753d65f3429?cid=9950ac751e34487dbbe027c4fd7f8e99","true","63","GBARL1202417","spotify:user:31eggmwgwd6b5f4672kiiveoehya","2025-11-03T18:07:38Z"
"spotify:track:2m1hi0nfMR9vdGC8UcrnwU","All The Small Things","spotify:artist:6FBDaR13swtiWwGhX1WQsP","blink-182","spotify:album:652N05EcNH1a4bIlUixQE2","Enema Of The State","spotify:artist:6FBDaR13swtiWwGhX1WQsP","blink-182","1999-06-01","https://i.scdn.co/image/ab67616d0000b2736da502e35a7a3e48de2b0f74","1","8","167066","","false","87","USMC19959123","spotify:user:31eggmwgwd6b5f4672kiiveoehya","2025-11-04T18:55:51Z"
"spotify:track:249Z7XT6mf8B2zuI0RaeS0","Violent Pornography","spotify:artist:5eAWCfyUhZtHHtBdNk56l1","System Of A Down","spotify:album:0cn6MHyx4YuZauaB7Pb66o","Mezmerize","spotify:artist:5eAWCfyUhZtHHtBdNk56l1","System Of A Down","2005-05-17","https://i.scdn.co/image/ab67616d0000b273c65f8d04502eeddbdd61fa71","1","7","211333","https://p.scdn.co/mp3-preview/c63827ff57a650891a5c8cae0b8c537c0484a0ee?cid=9950ac751e34487dbbe027c4fd7f8e99","true","74","USSM10501583","spotify:user:31eggmwgwd6b5f4672kiiveoehya","2025-11-04T20:21:36Z"
"spotify:track:7rpqjZcb3WL6VI3ROAPLfd","The Last Lost Continent","spotify:artist:7lQKE6HaKQcCsgLRMhsh5W","La Dispute","spotify:album:5fzDxefGUH8jM7T9HCLSNr","Somewhere at the Bottom of the River Between Vega and Altair (10th Anniversary)","spotify:artist:7lQKE6HaKQcCsgLRMhsh5W","La Dispute","2018-09-11","https://i.scdn.co/image/ab67616d0000b273a33cf1cbd5cd623a7d3c8e56","1","12","722760","https://p.scdn.co/mp3-preview/7c4a853db97dcc0a564503aa086bb3375db2fe65?cid=9950ac751e34487dbbe027c4fd7f8e99","false","42","USZZ81810097","spotify:user:31eggmwgwd6b5f4672kiiveoehya","2025-11-05T00:51:47Z"
"spotify:track:6XpWCxEdQDbHygtWnBY9Eu","Everything is Quiet Now","spotify:artist:4qrHkx5cgWIslciLXUMrYw","Knocked Loose","spotify:album:75ineHmMUJPWsM7H8gwKFZ","Upon Loss Singles","spotify:artist:4qrHkx5cgWIslciLXUMrYw","Knocked Loose","2023-06-14","https://i.scdn.co/image/ab67616d0000b273ff1a0574d76a06cc5609cd2c","1","2","215567","https://p.scdn.co/mp3-preview/27ba6c16f952c6ee52728f61013e9cb7c0b9d9fc?cid=9950ac751e34487dbbe027c4fd7f8e99","false","56","USSTT2300216","spotify:user:31eggmwgwd6b5f4672kiiveoehya","2025-11-05T21:39:00Z"
"spotify:track:6WuqJLVZcyJklg7lIozAO8","Nymphetamine Fix","spotify:artist:0NTSMFFapnyZfvmCwzcYPd","Cradle Of Filth","spotify:album:0e5cBxKWQYe52fyu23P01P","Nymphetamine Special Edition","spotify:artist:0NTSMFFapnyZfvmCwzcYPd","Cradle Of Filth","2004-09-20","https://i.scdn.co/image/ab67616d0000b273d10d06aa358b6ffd42f53ce9","1","14","302360","https://p.scdn.co/mp3-preview/43a11fddd2883f05ad1398be8bdb6e9e4917a488?cid=9950ac751e34487dbbe027c4fd7f8e99","false","58","NLA320420873","spotify:user:31eggmwgwd6b5f4672kiiveoehya","2025-11-05T21:49:03Z"
"spotify:track:1BLfQ6dPXmuDrFmbdfW7Jl","A Little Piece of Heaven","spotify:artist:0nmQIMXWTXfhgOBdNzhGOs","Avenged Sevenfold","spotify:album:3Id3VUk9jSKBD1guNo1buF","Avenged Sevenfold","spotify:artist:0nmQIMXWTXfhgOBdNzhGOs","Avenged Sevenfold","2007-10-26","https://i.scdn.co/image/ab67616d0000b27333c52ca8309741c6999ca742","1","9","480706","https://p.scdn.co/mp3-preview/c1e56ced9a4240c0afd535d07af5a156a9d2dd0e?cid=9950ac751e34487dbbe027c4fd7f8e99","true","78","USWB10704000","spotify:user:31eggmwgwd6b5f4672kiiveoehya","2025-11-05T22:27:49Z"
"spotify:track:7zAt4tdL44D3VuzsvM0N8n","Afterlife","spotify:artist:0nmQIMXWTXfhgOBdNzhGOs","Avenged Sevenfold","spotify:album:3Id3VUk9jSKBD1guNo1buF","Avenged Sevenfold","spotify:artist:0nmQIMXWTXfhgOBdNzhGOs","Avenged Sevenfold","2007-10-26","https://i.scdn.co/image/ab67616d0000b27333c52ca8309741c6999ca742","1","4","352426","https://p.scdn.co/mp3-preview/f68b923d006c83a383f5d307d7fdeeb8f906172a?cid=9950ac751e34487dbbe027c4fd7f8e99","false","79","USWB10703995","spotify:user:31eggmwgwd6b5f4672kiiveoehya","2025-11-05T22:36:30Z"
"spotify:track:3GiJq4AQK7324mfIQbpiTf","Custer","spotify:artist:05fG473iIaoy82BF1aGhL8","Slipknot","spotify:album:0ApKaazNHf0gzjAYZauexq",".5: The Gray Chapter (Special Edition)","spotify:artist:05fG473iIaoy82BF1aGhL8","Slipknot","2014-10-15","https://i.scdn.co/image/ab67616d0000b273eed722040c6810f7a7da93ea","1","11","254466","https://p.scdn.co/mp3-preview/be2bcc25ef59fe14648818eb7645f4c9a1cea06b?cid=9950ac751e34487dbbe027c4fd7f8e99","true","77","NLA321400448","spotify:user:31eggmwgwd6b5f4672kiiveoehya","2025-11-06T03:30:51Z"
"spotify:track:7Hr1Ignop7cymbE3FbOtXa","So Far Away","spotify:artist:0nmQIMXWTXfhgOBdNzhGOs","Avenged Sevenfold","spotify:album:7vfuTRXIAYJz5Uc8SddnTr","Nightmare","spotify:artist:0nmQIMXWTXfhgOBdNzhGOs","Avenged Sevenfold","2010-07-25","https://i.scdn.co/image/ab67616d0000b273c34064a3c5e4a25892a091f3","1","6","326813","https://p.scdn.co/mp3-preview/b0831fc004d8c3c2586d98f0d2445fbf39444f9a?cid=9950ac751e34487dbbe027c4fd7f8e99","false","75","USWB11001436","spotify:user:31eggmwgwd6b5f4672kiiveoehya","2025-11-06T06:22:11Z"
"spotify:track:3At2vnwyG01v6nZnb1JCWM","Billie Jean","spotify:artist:5aQ6Qvv3uFYMYvulvrFfqC","Matty Carter + Ariel","spotify:album:3HGO2Jy7R8O5M6SSxZ1eZG","Billie Jean","spotify:artist:5aQ6Qvv3uFYMYvulvrFfqC","Matty Carter + Ariel","2020-11-20","https://i.scdn.co/image/ab67616d0000b273c50db200069a70b14238b36a","1","1","255536","https://p.scdn.co/mp3-preview/746d7c2507acd262920ff1973dd44beec96caacd?cid=9950ac751e34487dbbe027c4fd7f8e99","false","23","QZNWR2088141","spotify:user:31eggmwgwd6b5f4672kiiveoehya","2025-11-06T15:07:08Z"
"spotify:track:5a2k30gAsiPSgBGyLJthOB","Let Me Live My Life","spotify:artist:6Fwq3TDWpMhcL1KTKVQiI8","Saint Asonia","spotify:album:6xK5F5CYDhdIu1mbn84J6U","Saint Asonia (European Edition)","spotify:artist:6Fwq3TDWpMhcL1KTKVQiI8","Saint Asonia","2015-10-23","https://i.scdn.co/image/ab67616d0000b273ba9335fd627d47a68b07f281","1","3","191453","https://p.scdn.co/mp3-preview/d1ee60d5672821b9dfdee65bf88c17facfb30cda?cid=9950ac751e34487dbbe027c4fd7f8e99","false","44","USRC11501485","spotify:user:31eggmwgwd6b5f4672kiiveoehya","2025-11-11T21:48:54Z"
"spotify:track:2SBlhel3PkDjNwk4SbsFkd","GREGECTOMY","spotify:artist:3nzkF287Z36SQ4DAlyg39U, spotify:artist:31Jtwuc3XU8MypjID0ZuIm, spotify:artist:39CqB2SrUH7oERVfBVttXR, spotify:artist:7MCTK5evP0P9CAvtlNxjZ3, spotify:artist:0Ca8QNi2jA2pemnFC6Rydj, spotify:artist:4w7cjLitqg51JNy2xAvxm8","P€NI$LOBOTOMY, Andrew Baena, Johnny Ciardullo, Drewsif, Bernth, Brandon J. Acker","spotify:album:4efmFESWVCfqXvuYCedOXS","P1$$WORLD","spotify:artist:3nzkF287Z36SQ4DAlyg39U, spotify:artist:31Jtwuc3XU8MypjID0ZuIm, spotify:artist:39CqB2SrUH7oERVfBVttXR, spotify:artist:7MCTK5evP0P9CAvtlNxjZ3","P€NI$LOBOTOMY, Andrew Baena, Johnny Ciardullo, Drewsif","2025-10-30","https://i.scdn.co/image/ab67616d0000b273981935cd362cb417fa315f8f","1","4","141430","https://p.scdn.co/mp3-preview/d27cd836b6b1b15365c28a4424fb128d7e72b426?cid=9950ac751e34487dbbe027c4fd7f8e99","true","31","QT3FA2570412","spotify:user:31eggmwgwd6b5f4672kiiveoehya","2025-11-15T02:07:43Z"
"spotify:track:0CIQsQ4nta9yL9jxsEqdwH","Who's With Me","spotify:artist:2gWNtwxO5mOAmjE8EWw2qt","USS (Ubiquitous Synergy Seeker)","spotify:album:3vryGK57NvbzXEqmulj8OR","New World Alphabet","spotify:artist:2gWNtwxO5mOAmjE8EWw2qt","USS (Ubiquitous Synergy Seeker)","2016-01-13","https://i.scdn.co/image/ab67616d0000b273285471b37885fc48c000483e","1","2","208280","https://p.scdn.co/mp3-preview/5ae8d9e103cab30b87595bd8cc2521ca76cc04d5?cid=9950ac751e34487dbbe027c4fd7f8e99","false","41","CACN41600003","spotify:user:31eggmwgwd6b5f4672kiiveoehya","2025-11-16T17:31:46Z"
"spotify:track:1i5oCQCvS4KV6gao42q8t2","Remember The Days (Yo Hello Hooray)","spotify:artist:2gWNtwxO5mOAmjE8EWw2qt","USS (Ubiquitous Synergy Seeker)","spotify:album:0qI4AANx03gGaOnthm9eM0","Advanced Basics","spotify:artist:2gWNtwxO5mOAmjE8EWw2qt","USS (Ubiquitous Synergy Seeker)","2014-02-11","https://i.scdn.co/image/ab67616d0000b273c193e66b2a34de574ebdb88f","1","4","224893","https://p.scdn.co/mp3-preview/4e4090a6749f6c5f894bcd1ee241394a0eedfe03?cid=9950ac751e34487dbbe027c4fd7f8e99","false","36","CACN41400034","spotify:user:31eggmwgwd6b5f4672kiiveoehya","2025-11-16T17:36:19Z"
"spotify:track:2uN2z3ysJWBwanGJ6qlPfj","Hollow Point Sniper Hyperbole","spotify:artist:2gWNtwxO5mOAmjE8EWw2qt","USS (Ubiquitous Synergy Seeker)","spotify:album:4bTOjqZtWZepBN00BKx4OS","Welding the C: /","spotify:artist:2gWNtwxO5mOAmjE8EWw2qt","USS (Ubiquitous Synergy Seeker)","2008-05-30","https://i.scdn.co/image/ab67616d0000b2736772ee613f4f88d9f55e39d3","1","2","218853","https://p.scdn.co/mp3-preview/1a664b423e29389055b3886a377a48d5c2f333f0?cid=9950ac751e34487dbbe027c4fd7f8e99","false","37","CABM50802402","spotify:user:31eggmwgwd6b5f4672kiiveoehya","2025-11-16T17:41:14Z"
"spotify:track:0l7AQ6CsSirZ5A4wJk26By","Stay Away - Remastered","spotify:artist:6olE6TJLqED3rqDCT0FyPh","Nirvana","spotify:album:0ezJun7CKk7Hh70MPL0dcJ","Nevermind (30th Anniversary Super Deluxe)","spotify:artist:6olE6TJLqED3rqDCT0FyPh","Nirvana","1991-09-24","https://i.scdn.co/image/ab67616d0000b273444f118a9126af9e1483dcc0","1","10","211693","","false","32","USGF19942510","spotify:user:31eggmwgwd6b5f4672kiiveoehya","2025-11-17T20:40:37Z"
"spotify:track:6eHS3oS6wX3zK9tVRuoCIH","Crown of Despair","spotify:artist:0SQfK35YYjN6hqkoYvxOkM, spotify:artist:4t1QdDQKUZ6OHw0ChpfM8L","Draconian Reign, Alan Grnja","spotify:album:5GEujOZV2BgcoHWiae4u3j","Necromantic","spotify:artist:0SQfK35YYjN6hqkoYvxOkM","Draconian Reign","2022-03-25","https://i.scdn.co/image/ab67616d0000b273210109a516c6c0eb1ba77dd9","1","4","264571","https://p.scdn.co/mp3-preview/f2c50680a41ca45d2ab015ffe0d411ab5e0505ce?cid=9950ac751e34487dbbe027c4fd7f8e99","false","9","GBMJG2123560","spotify:user:31eggmwgwd6b5f4672kiiveoehya","2025-11-18T00:09:54Z"
"spotify:track:0W0s27FypnkXjJTJKUAnx0","Radio Friendly Unit Shifter","spotify:artist:6olE6TJLqED3rqDCT0FyPh","Nirvana","spotify:album:7wOOA7l306K8HfBKfPoafr","In Utero","spotify:artist:6olE6TJLqED3rqDCT0FyPh","Nirvana","1993-09-21","https://i.scdn.co/image/ab67616d0000b273c4f52ef8782f0e8ede4c1aaf","1","10","291546","","false","56","USGF19960710","spotify:user:31eggmwgwd6b5f4672kiiveoehya","2025-11-18T00:40:33Z"
"spotify:track:6ZXGdStfF4q5jnyK76uG4a","Tourette's","spotify:artist:6olE6TJLqED3rqDCT0FyPh","Nirvana","spotify:album:7wOOA7l306K8HfBKfPoafr","In Utero","spotify:artist:6olE6TJLqED3rqDCT0FyPh","Nirvana","1993-09-21","https://i.scdn.co/image/ab67616d0000b273c4f52ef8782f0e8ede4c1aaf","1","11","95386","","false","56","USGF19960711","spotify:user:31eggmwgwd6b5f4672kiiveoehya","2025-11-18T00:45:18Z"
"spotify:track:5u8h8bNfZBZE5qnM4crWiB","Careful What You Wish For","spotify:artist:3Ri4H12KFyu98LMjSoij5V","Bad Omens","spotify:album:7sJ9JPbIXMX5EdZpChd8Ox","Finding God Before God Finds Me","spotify:artist:3Ri4H12KFyu98LMjSoij5V","Bad Omens","2019-08-02","https://i.scdn.co/image/ab67616d0000b273843a7e1e66dd95de1957c579","1","3","272800","https://p.scdn.co/mp3-preview/ea92799693d28427c1f7aa06042a3c33b723e99e?cid=9950ac751e34487dbbe027c4fd7f8e99","false","66","USYFZ1813001","spotify:user:31eggmwgwd6b5f4672kiiveoehya","2025-11-19T03:23:24Z"
"spotify:track:5SlxykqNSR8fnLIjlgNBFq","V.A.N","spotify:artist:3Ri4H12KFyu98LMjSoij5V, spotify:artist:5mlbvTfWUOfDrUIK6dkNzv","Bad Omens, Poppy","spotify:album:6F08rHxRK9Ue3OAp8wzm5r","CONCRETE JUNGLE [THE OST]","spotify:artist:3Ri4H12KFyu98LMjSoij5V","Bad Omens","2024-05-31","https://i.scdn.co/image/ab67616d0000b2737400362388ac9ab2a807e597","1","2","274098","https://p.scdn.co/mp3-preview/2947a6879b44365a097af796c9ca9c82866a7f9b?cid=9950ac751e34487dbbe027c4fd7f8e99","false","71","USYFZ2399601","spotify:user:31eggmwgwd6b5f4672kiiveoehya","2025-11-19T04:25:24Z"
"spotify:track:4Z26VkSLubzvD0RHsdjF61","HEDONIST (RECHARGED)","spotify:artist:3Ri4H12KFyu98LMjSoij5V, spotify:artist:1NRudBLaT84LXxfsYdFMhB","Bad Omens, WARGASM (UK)","spotify:album:6F08rHxRK9Ue3OAp8wzm5r","CONCRETE JUNGLE [THE OST]","spotify:artist:3Ri4H12KFyu98LMjSoij5V","Bad Omens","2024-05-31","https://i.scdn.co/image/ab67616d0000b2737400362388ac9ab2a807e597","1","5","203647","https://p.scdn.co/mp3-preview/4df4f5efe48b807ce6ed85943328faf46cadadaf?cid=9950ac751e34487dbbe027c4fd7f8e99","true","57","USYFZ2408305","spotify:user:31eggmwgwd6b5f4672kiiveoehya","2025-11-19T04:33:56Z"
"spotify:track:1linrfCmITmQHs4enAxTUY","Welcome To The Circus","spotify:artist:5t28BP42x2axFnqOOMg3CM","Five Finger Death Punch","spotify:album:2xO5zlCGNyap7Jx1ED3HgG","AfterLife","spotify:artist:5t28BP42x2axFnqOOMg3CM","Five Finger Death Punch","2022-08-19","https://i.scdn.co/image/ab67616d0000b2732876e0647769b340d08d9b99","1","1","256741","https://p.scdn.co/mp3-preview/48aa3dbbca28dc0e421a80ba2c2f766c935d1f89?cid=9950ac751e34487dbbe027c4fd7f8e99","true","68","USDPK2200060","spotify:user:31eggmwgwd6b5f4672kiiveoehya","2025-11-19T14:30:05Z"
"spotify:track:2zcDKH43LMkNjWKDjppAd2","Disasterology","spotify:artist:4iJLPqClelZOBCBifm8Fzv","Pierce The Veil","spotify:album:6F05ZwnERzhfJ7KNVq6fsU","Selfish Machines (Reissue)","spotify:artist:4iJLPqClelZOBCBifm8Fzv","Pierce The Veil","2013-09-24","https://i.scdn.co/image/ab67616d0000b2733c8674afa47336f571b13ebd","1","10","205347","https://p.scdn.co/mp3-preview/c93f80cc896b12b8993d2eb706760e7dd298b951?cid=9950ac751e34487dbbe027c4fd7f8e99","true","64","US3X51025910","spotify:user:31eggmwgwd6b5f4672kiiveoehya","2025-11-21T14:59:29Z"
"spotify:track:2MPjloSphAGCk9uCL6VyDq","Nymphetamine Overdose","spotify:artist:0NTSMFFapnyZfvmCwzcYPd","Cradle Of Filth","spotify:album:0e5cBxKWQYe52fyu23P01P","Nymphetamine Special Edition","spotify:artist:0NTSMFFapnyZfvmCwzcYPd","Cradle Of Filth","2004-09-20","https://i.scdn.co/image/ab67616d0000b273d10d06aa358b6ffd42f53ce9","1","6","554321","https://p.scdn.co/mp3-preview/f1d0c360a4f6a2d6e6866e8a7e44cbf9ce013b4b?cid=9950ac751e34487dbbe027c4fd7f8e99","false","40","NLA320420878","spotify:user:31eggmwgwd6b5f4672kiiveoehya","2025-11-23T20:40:39Z"
"spotify:track:34iOH7LY3vme5rQxsVILZ4","Love Will Tear Us Apart - 2020 Remaster","spotify:artist:432R46LaYsJZV2Gmc4jUV5","Joy Division","spotify:album:0u0CJa9zwFbGSU8JWQYS5G","Love Will Tear Us Apart","spotify:artist:432R46LaYsJZV2Gmc4jUV5","Joy Division","1980-06-01","https://i.scdn.co/image/ab67616d0000b2731e0fdc2906851e29d09320c3","1","1","208453","https://p.scdn.co/mp3-preview/e934096fb0f76b8ff8411a311ea0083b29c51a18?cid=9950ac751e34487dbbe027c4fd7f8e99","false","75","GBAHT2000137","spotify:user:31eggmwgwd6b5f4672kiiveoehya","2025-11-23T22:43:26Z"
"spotify:track:0snQkGI5qnAmohLE7jTsTn","Toxicity","spotify:artist:5eAWCfyUhZtHHtBdNk56l1","System Of A Down","spotify:album:6jWde94ln40epKIQCd8XUh","Toxicity","spotify:artist:5eAWCfyUhZtHHtBdNk56l1","System Of A Down","2001-09-04","https://i.scdn.co/image/ab67616d0000b27307bc7d2a745636c356b4d0aa","1","12","218933","https://p.scdn.co/mp3-preview/7a1ac1f1f9af931e9c735aa1474352042981b5a3?cid=9950ac751e34487dbbe027c4fd7f8e99","false","88","USSM10107262","spotify:user:31eggmwgwd6b5f4672kiiveoehya","2025-11-24T23:45:12Z"
"spotify:track:7MOQrtXMNImAq5TrPZzC0w","Gunslinger","spotify:artist:0nmQIMXWTXfhgOBdNzhGOs","Avenged Sevenfold","spotify:album:3Id3VUk9jSKBD1guNo1buF","Avenged Sevenfold","spotify:artist:0nmQIMXWTXfhgOBdNzhGOs","Avenged Sevenfold","2007-10-26","https://i.scdn.co/image/ab67616d0000b27333c52ca8309741c6999ca742","1","5","251533","https://p.scdn.co/mp3-preview/84f52b19d7736a7063862f663bdecb48935dd8c4?cid=9950ac751e34487dbbe027c4fd7f8e99","false","75","USWB10703996","spotify:user:31eggmwgwd6b5f4672kiiveoehya","2025-11-24T23:57:57Z"
"spotify:track:2ABJSUxCRQyvsb0qSQXpZC","Under The Gun","spotify:artist:4HgqjpBaWctBWVHafQIpRt","Born Of Osiris","spotify:album:5tpmUSORZay61ssi3WaKWv","The Simulation","spotify:artist:4HgqjpBaWctBWVHafQIpRt","Born Of Osiris","2019-01-11","https://i.scdn.co/image/ab67616d0000b273e05c6db3a8bd76623f5639dc","1","4","215047","https://p.scdn.co/mp3-preview/62e717cd30377110641a37b92930fadad461a836?cid=9950ac751e34487dbbe027c4fd7f8e99","false","0","USFYZ1897804","spotify:user:31eggmwgwd6b5f4672kiiveoehya","2025-12-02T02:22:22Z"
"spotify:track:2GPdGwBnFfruzFbJPd7uQS","Jaws","spotify:artist:2n2RSaZqBuUUukhbLlpnE6","Sleep Token","spotify:album:2DiX65iiou5VYicpiCnJet","Jaws","spotify:artist:2n2RSaZqBuUUukhbLlpnE6","Sleep Token","2018-06-04","https://i.scdn.co/image/ab67616d0000b27347ae97dba7a4aa79e5342de2","1","1","355300","https://p.scdn.co/mp3-preview/6d107b8bcb6230c7dd2834636000dfb7a1454c74?cid=9950ac751e34487dbbe027c4fd7f8e99","false","71","TCADQ1845754","spotify:user:31eggmwgwd6b5f4672kiiveoehya","2025-12-02T02:24:16Z"
"spotify:track:2IjS06NUi1aumi1t7VI4uY","Sludge Factory","spotify:artist:64tNsm6TnZe2zpcMVMOoHL","Alice In Chains","spotify:album:49R4Qye4UUwzjPPQhtCkRe","Alice In Chains","spotify:artist:64tNsm6TnZe2zpcMVMOoHL","Alice In Chains","1995-10-30","https://i.scdn.co/image/ab67616d0000b273bdcb34c7c881080832a051e2","1","3","432573","https://p.scdn.co/mp3-preview/32dde8bd14a492b6adb9b1040886af44f5bac80f?cid=9950ac751e34487dbbe027c4fd7f8e99","false","61","USSM19501774","spotify:user:31eggmwgwd6b5f4672kiiveoehya","2025-12-02T04:09:40Z"
"spotify:track:4Xgswinq80oMl4a0xhBMWT","The Hand That Rocks the Cradle - 2011 Remaster","spotify:artist:3yY2gUcIsjMr8hjo51PoJ8","The Smiths","spotify:album:6cI1XoZsOhkyrCwtuI70CN","The Smiths","spotify:artist:3yY2gUcIsjMr8hjo51PoJ8","The Smiths","1984-02-20","https://i.scdn.co/image/ab67616d0000b27346b017e0c96e4186e82df085","1","5","277986","https://p.scdn.co/mp3-preview/01411f8b85fc132e95226dee859caa21cc117194?cid=9950ac751e34487dbbe027c4fd7f8e99","false","53","GBCRL1100031","spotify:user:31eggmwgwd6b5f4672kiiveoehya","2025-12-02T04:17:04Z"
"spotify:track:6ZOBP3NvffbU4SZcrnt1k6","Kryptonite","spotify:artist:2RTUTCvo6onsAnheUk3aL9","3 Doors Down","spotify:album:5gO2acKSOaJnP0Mcy8IpU6","The Better Life","spotify:artist:2RTUTCvo6onsAnheUk3aL9","3 Doors Down","2000","https://i.scdn.co/image/ab67616d0000b2732868c4713a3912fd476b42f1","1","1","233933","","false","87","USUR19980187","spotify:user:31eggmwgwd6b5f4672kiiveoehya","2025-12-02T04:26:05Z"
"spotify:track:1HNE2PX70ztbEl6MLxrpNL","In Too Deep","spotify:artist:0qT79UgT5tY4yudH9VfsdT","Sum 41","spotify:album:2UCWsnmZEVg9HhnMeKTsim","All Killer, No Filler","spotify:artist:0qT79UgT5tY4yudH9VfsdT","Sum 41","2001-01-01","https://i.scdn.co/image/ab67616d0000b2739a482180e6a306229bff49dc","1","7","207093","","false","81","USIR20110114","spotify:user:31eggmwgwd6b5f4672kiiveoehya","2025-12-02T16:45:20Z"
"spotify:track:3FUS56gKr9mVBmzvlnodlh","Killing In the Name","spotify:artist:2d0hyoQ5ynDBnkvAbJKORj","Rage Against The Machine","spotify:album:4LaRYkT4oy47wEuQgkLBul","Rage Against The Machine","spotify:artist:2d0hyoQ5ynDBnkvAbJKORj","Rage Against The Machine","1992-11-03","https://i.scdn.co/image/ab67616d0000b273ee4644e12bef70636167c6bd","1","2","313936","https://p.scdn.co/mp3-preview/73b855e3176089a2d68c0ba08a5b34e0e6f23d0b?cid=9950ac751e34487dbbe027c4fd7f8e99","true","61","USSM19200317","spotify:user:31eggmwgwd6b5f4672kiiveoehya","2025-12-02T22:32:33Z"
"spotify:track:51Qh1B7K8b2Vca6u7Xxqzr","Tavern","spotify:artist:0wOwVOP7Ce98ZKtQ1CrJ68","Netherwalker","spotify:album:2PLBPwf2AACZyCWnoQHK5X","Tavern","spotify:artist:0wOwVOP7Ce98ZKtQ1CrJ68","Netherwalker","2024-04-09","https://i.scdn.co/image/ab67616d0000b273f56ae866beffb8ceb5db804c","1","1","248000","https://p.scdn.co/mp3-preview/71f3760d061d1c49520c4f543af5449899e5fc10?cid=9950ac751e34487dbbe027c4fd7f8e99","true","8","QZK6Q2455890","spotify:user:31eggmwgwd6b5f4672kiiveoehya","2025-12-03T03:06:23Z"
"spotify:track:54D811gB30y70ZpTTKxAxd","Crusades of the Elden Stav","spotify:artist:0wOwVOP7Ce98ZKtQ1CrJ68, spotify:artist:74YUoglQGNeHqQ3574D3N1","Netherwalker, Nicky Jones - Voice of Chowder","spotify:album:0ph6tGx7DWPtRE4jXAIj4K","Crusades of the Elden Stav","spotify:artist:0wOwVOP7Ce98ZKtQ1CrJ68","Netherwalker","2022-09-13","https://i.scdn.co/image/ab67616d0000b27306151885d351d07e3bd5f0a0","1","1","297487","https://p.scdn.co/mp3-preview/07ced17ba9593bf5f921be0008681f254fe639c5?cid=9950ac751e34487dbbe027c4fd7f8e99","true","1","QZNWX2214472","spotify:user:31eggmwgwd6b5f4672kiiveoehya","2025-12-03T03:24:14Z"
"spotify:track:6iFVJGxSVdFkzYQJL7Rgdk","Old School Hollywood","spotify:artist:5eAWCfyUhZtHHtBdNk56l1","System Of A Down","spotify:album:0cn6MHyx4YuZauaB7Pb66o","Mezmerize","spotify:artist:5eAWCfyUhZtHHtBdNk56l1","System Of A Down","2005-05-17","https://i.scdn.co/image/ab67616d0000b273c65f8d04502eeddbdd61fa71","1","10","176866","https://p.scdn.co/mp3-preview/7476d177ad3cf7309238ba3d4d24582739458d1c?cid=9950ac751e34487dbbe027c4fd7f8e99","false","62","USSM10501586","spotify:user:31eggmwgwd6b5f4672kiiveoehya","2025-12-03T14:19:05Z"
"spotify:track:11i33j50Gsr90pRoDJBrEA","Chic 'N' Stu","spotify:artist:5eAWCfyUhZtHHtBdNk56l1","System Of A Down","spotify:album:6lA1sGw7eCv27bcpd5E0wT","Steal This Album!","spotify:artist:5eAWCfyUhZtHHtBdNk56l1","System Of A Down","2002-11-26","https://i.scdn.co/image/ab67616d0000b2737cf4c0d42c5b62c9deebdcd8","1","1","143626","https://p.scdn.co/mp3-preview/67fb58f6438e257d289c8b11235c9a9770a391ed?cid=9950ac751e34487dbbe027c4fd7f8e99","false","70","USSM10213322","spotify:user:31eggmwgwd6b5f4672kiiveoehya","2025-12-03T14:21:54Z"
"spotify:track:262RJtiqytpugV1UvDicN9","Hang 'Em High","spotify:artist:7FBcuc1gsnv6Y1nwFtNRCb","My Chemical Romance","spotify:album:3DuiGV3J09SUhvp8gqNx8h","Three Cheers for Sweet Revenge","spotify:artist:7FBcuc1gsnv6Y1nwFtNRCb","My Chemical Romance","2004-06-08","https://i.scdn.co/image/ab67616d0000b273cab7ae4868e9f9ce6bdfdf43","1","10","167533","https://p.scdn.co/mp3-preview/d8a241f871830ac2a4502440f3feaf169ca595c0?cid=9950ac751e34487dbbe027c4fd7f8e99","false","65","USRE10400665","spotify:user:31eggmwgwd6b5f4672kiiveoehya","2025-12-05T15:58:41Z"
"spotify:track:6gLn8QhAYL4dEwdpVjfCPl","I Never Told You What I Do for a Living","spotify:artist:7FBcuc1gsnv6Y1nwFtNRCb","My Chemical Romance","spotify:album:3DuiGV3J09SUhvp8gqNx8h","Three Cheers for Sweet Revenge","spotify:artist:7FBcuc1gsnv6Y1nwFtNRCb","My Chemical Romance","2004-06-08","https://i.scdn.co/image/ab67616d0000b273cab7ae4868e9f9ce6bdfdf43","1","13","232466","https://p.scdn.co/mp3-preview/2c4c8cd36fab27db714d7076d707990c404f4935?cid=9950ac751e34487dbbe027c4fd7f8e99","false","66","USRE10400668","spotify:user:31eggmwgwd6b5f4672kiiveoehya","2025-12-05T16:05:42Z"
"spotify:track:5HyQTrerldZlY9Ep6hNKD7","Prayer Of The Refugee","spotify:artist:6Wr3hh341P84m3EI8qdn9O","Rise Against","spotify:album:4I0EalZ89IJEvy5jBqL9HZ","Rock For The Ages","spotify:artist:0LyfQWJT6nXafLPZqxe9Of","Various Artists","2023-09-21","https://i.scdn.co/image/ab67616d0000b2738980c1fb1a8dfc4f48fcd1ee","1","8","199386","","false","10","USUM70603971","spotify:user:31eggmwgwd6b5f4672kiiveoehya","2025-12-05T16:33:43Z"
"spotify:track:6holGuk1jKHTdWyWBOZi8l","My Generation","spotify:artist:165ZgPlLkK7bf5bDoFc6Sb","Limp Bizkit","spotify:album:5mi7FKaWE5CtcOjdyxScA7","Chocolate Starfish And The Hot Dog Flavored Water","spotify:artist:165ZgPlLkK7bf5bDoFc6Sb","Limp Bizkit","2000-10-17","https://i.scdn.co/image/ab67616d0000b2734a31b146c7cf07705d912efe","1","3","221000","","true","80","USIR10001123","spotify:user:31eggmwgwd6b5f4672kiiveoehya","2025-12-06T03:13:40Z"
"spotify:track:3iiJSeo3T7QMugOCrZ5OaC","HALO","spotify:artist:6mcSNYbGthL93gHZEIdsw6","Space Of Variations","spotify:album:7gbEfVsMrpQsln5erkPUj2","HALO","spotify:artist:6mcSNYbGthL93gHZEIdsw6","Space Of Variations","2025-12-04","https://i.scdn.co/image/ab67616d0000b273f883f49c60e8ffeefa6f8e08","1","1","243722","https://p.scdn.co/mp3-preview/3e7886a3bb2de63455b35dba1264a322c98c9cbd?cid=9950ac751e34487dbbe027c4fd7f8e99","false","13","ATN262430904","spotify:user:31eggmwgwd6b5f4672kiiveoehya","2025-12-08T06:18:34Z"
"spotify:track:53jAHfeKG5SircibmcqmKT","DOPPELGÄNGER","spotify:artist:6mcSNYbGthL93gHZEIdsw6","Space Of Variations","spotify:album:7gbEfVsMrpQsln5erkPUj2","HALO","spotify:artist:6mcSNYbGthL93gHZEIdsw6","Space Of Variations","2025-12-04","https://i.scdn.co/image/ab67616d0000b273f883f49c60e8ffeefa6f8e08","1","2","232144","https://p.scdn.co/mp3-preview/ee699f06551948c1dd3aa2ebd2f4f132dfc6f3ac?cid=9950ac751e34487dbbe027c4fd7f8e99","true","1","ATN262430903","spotify:user:31eggmwgwd6b5f4672kiiveoehya","2025-12-08T06:21:26Z"
"spotify:track:3DRJ8d8DkkZnKm6KYBqQqB","LIES","spotify:artist:6mcSNYbGthL93gHZEIdsw6","Space Of Variations","spotify:album:7gbEfVsMrpQsln5erkPUj2","HALO","spotify:artist:6mcSNYbGthL93gHZEIdsw6","Space Of Variations","2025-12-04","https://i.scdn.co/image/ab67616d0000b273f883f49c60e8ffeefa6f8e08","1","3","202702","https://p.scdn.co/mp3-preview/20a61448eacda60989524960bce3d93ff2ca4da0?cid=9950ac751e34487dbbe027c4fd7f8e99","false","1","ATN262430902","spotify:user:31eggmwgwd6b5f4672kiiveoehya","2025-12-08T06:24:56Z"
"spotify:track:5Ot9aNwITCRK1keRRsvE4u","TRIBE","spotify:artist:6mcSNYbGthL93gHZEIdsw6","Space Of Variations","spotify:album:7gbEfVsMrpQsln5erkPUj2","HALO","spotify:artist:6mcSNYbGthL93gHZEIdsw6","Space Of Variations","2025-12-04","https://i.scdn.co/image/ab67616d0000b273f883f49c60e8ffeefa6f8e08","1","4","205650","https://p.scdn.co/mp3-preview/40fe390563f2c8d152453276e73f31458fcf1496?cid=9950ac751e34487dbbe027c4fd7f8e99","false","2","ATN262430901","spotify:user:31eggmwgwd6b5f4672kiiveoehya","2025-12-08T06:25:05Z"
"spotify:track:6CqYhhUPJORx1vvdTNc8jv","The Outsider","spotify:artist:4DFhHyjvGYa9wxdHUjtDkc","A Perfect Circle","spotify:album:49K6hYDEr5M3GxIBBxlPf9","Thirteenth Step","spotify:artist:4DFhHyjvGYa9wxdHUjtDkc","A Perfect Circle","2003-01-01","https://i.scdn.co/image/ab67616d0000b2739fce7baa218063d99799ce52","1","7","246000","","false","70","USVI20301032","spotify:user:31eggmwgwd6b5f4672kiiveoehya","2025-12-09T19:04:07Z"
"spotify:track:6zJ4nhJpt2wcfkITAoG4EZ","So Long, And Thanks For All The Fish","spotify:artist:4DFhHyjvGYa9wxdHUjtDkc","A Perfect Circle","spotify:album:7nnNLD5cv828YSFxXaezRm","Eat The Elephant","spotify:artist:4DFhHyjvGYa9wxdHUjtDkc","A Perfect Circle","2018-04-20","https://i.scdn.co/image/ab67616d0000b27340c51247cdb3d30032c2fdf9","1","5","266093","https://p.scdn.co/mp3-preview/312060745351d8e5138b12e8d87acdcde4c32b8a?cid=9950ac751e34487dbbe027c4fd7f8e99","false","52","QMRSZ1800104","spotify:user:31eggmwgwd6b5f4672kiiveoehya","2025-12-09T19:16:46Z"
"spotify:track:0C9WmefwWNx1R9P7JHKLwJ","Hourglass","spotify:artist:4DFhHyjvGYa9wxdHUjtDkc","A Perfect Circle","spotify:album:7nnNLD5cv828YSFxXaezRm","Eat The Elephant","spotify:artist:4DFhHyjvGYa9wxdHUjtDkc","A Perfect Circle","2018-04-20","https://i.scdn.co/image/ab67616d0000b27340c51247cdb3d30032c2fdf9","1","10","314333","https://p.scdn.co/mp3-preview/c3f574d8ec01e13ffdd062cef11528c3a7f243a9?cid=9950ac751e34487dbbe027c4fd7f8e99","false","47","QMRSZ1800109","spotify:user:31eggmwgwd6b5f4672kiiveoehya","2025-12-09T19:27:35Z"
"spotify:track:0NKEZJd9ivynIl6EMHkJXS","September Sun","spotify:artist:0blJzvevdXrp21YeI2vbco","Type O Negative","spotify:album:0HtxFVf0TL5ByeIWDmk907","Dead Again","spotify:artist:0blJzvevdXrp21YeI2vbco","Type O Negative","2007","https://i.scdn.co/image/ab67616d0000b27362bea24930412ce6ac0ec02f","1","4","587671","https://p.scdn.co/mp3-preview/e276fec7be9b2639b3bf70991d899e66849d21e6?cid=9950ac751e34487dbbe027c4fd7f8e99","false","0","DEA450702200","spotify:user:31eggmwgwd6b5f4672kiiveoehya","2025-12-09T20:34:39Z"
"spotify:track:6IPJ7LeWIOhxPW8Sq3nIGc","Re-Arranged","spotify:artist:165ZgPlLkK7bf5bDoFc6Sb","Limp Bizkit","spotify:album:3HCCUaRSjHSFOe4fqE0BiP","Significant Other","spotify:artist:165ZgPlLkK7bf5bDoFc6Sb","Limp Bizkit","1999","https://i.scdn.co/image/ab67616d0000b2733783782de74f61e36795bf9c","1","5","354733","","true","71","USIR19902310","spotify:user:31eggmwgwd6b5f4672kiiveoehya","2025-12-09T21:05:02Z"
"spotify:track:40rvBMQizxkIqnjPdEWY1v","Down with the Sickness","spotify:artist:3TOqt5oJwL9BE2NG9MEwDa","Disturbed","spotify:album:6IvosVciDOQ9NAPaKwhtLY","The Sickness","spotify:artist:3TOqt5oJwL9BE2NG9MEwDa","Disturbed","2000-03-07","https://i.scdn.co/image/ab67616d0000b2732b222dcd5c4fcac7c0e81da2","1","4","279213","https://p.scdn.co/mp3-preview/e337c2d60afaee5d3c31e8ed2676539ae0f1220b?cid=9950ac751e34487dbbe027c4fd7f8e99","true","82","USGI19900180","spotify:user:31eggmwgwd6b5f4672kiiveoehya","2025-12-11T05:06:33Z"
"spotify:track:1mBZ8vwLiD8EpT0xr5XsvQ","Politics","spotify:artist:3RNrq3jvMZxD9ZyoOZbQOD","Korn","spotify:album:2c7ynrgZP08xNtkJi9MhjF","See You On the Other Side","spotify:artist:3RNrq3jvMZxD9ZyoOZbQOD","Korn","2005-12-06","https://i.scdn.co/image/ab67616d0000b27374c1560b64750a1774495144","1","2","196946","https://p.scdn.co/mp3-preview/55286258ca89a661cc406bf726104db5c2e79a11?cid=9950ac751e34487dbbe027c4fd7f8e99","true","50","USVI20500581","spotify:user:31eggmwgwd6b5f4672kiiveoehya","2025-12-14T04:37:23Z"
"spotify:track:5YbFyfJHvTAy6BfyeQeu8A","Red Flag","spotify:artist:0ImEDe9tW5n4pxHOK39zIc","Kittie","spotify:album:3Hxn0YbDhMrGiD8WsPvwXF","Until the End","spotify:artist:0ImEDe9tW5n4pxHOK39zIc","Kittie","2004-07-27","https://i.scdn.co/image/ab67616d0000b27341c5b5c3fe40b895a01b1d8a","1","4","228026","https://p.scdn.co/mp3-preview/30be3df79ae238245d6ff35fcde9e995d12902cc?cid=9950ac751e34487dbbe027c4fd7f8e99","false","0","USAR50412676","spotify:user:31eggmwgwd6b5f4672kiiveoehya","2025-12-19T23:55:50Z"
"spotify:track:3oZUlZMXkj51AyYG8lGaE7","Shut Me Up","spotify:artist:5R5MLOQbI4lb7GHYioPqoN","Mindless Self Indulgence","spotify:album:4fIVLcTjPnagYnDmTivhiY","You'll Rebel to Anything (Expanded and Remastered 2008)","spotify:artist:5R5MLOQbI4lb7GHYioPqoN","Mindless Self Indulgence","2005","https://i.scdn.co/image/ab67616d0000b27386bddc6359ffef0f9c51e56e","1","1","168533","https://p.scdn.co/mp3-preview/6cbf00e3feaa4a9bef6e97e16d7a069b4f1f026f?cid=9950ac751e34487dbbe027c4fd7f8e99","true","74","US68L0500001","spotify:user:31eggmwgwd6b5f4672kiiveoehya","2025-12-17T07:07:36Z"
"spotify:track:1JEcLV7suT54skz7HU71jU","Cut Throat","spotify:artist:0ImEDe9tW5n4pxHOK39zIc","Kittie","spotify:album:3AJoaISJQNK9zgHaYWXr3H","In The Black","spotify:artist:0ImEDe9tW5n4pxHOK39zIc","Kittie","2009-09-15","https://i.scdn.co/image/ab67616d0000b27306988de028bfa094de162413","1","3","181226","https://p.scdn.co/mp3-preview/cb02a998c80ba762aaa8f0d66a15cea31d04df3f?cid=9950ac751e34487dbbe027c4fd7f8e99","true","0","USKO10901085","spotify:user:31eggmwgwd6b5f4672kiiveoehya","2025-12-19T06:17:54Z"
"spotify:track:21mWjdeLuEavwAp8lJjhzw","Into The Darkness","spotify:artist:0ImEDe9tW5n4pxHOK39zIc","Kittie","spotify:album:3Hxn0YbDhMrGiD8WsPvwXF","Until the End","spotify:artist:0ImEDe9tW5n4pxHOK39zIc","Kittie","2004-07-27","https://i.scdn.co/image/ab67616d0000b27341c5b5c3fe40b895a01b1d8a","1","7","218386","https://p.scdn.co/mp3-preview/66a31aa8596f9f9f8be4d8fc29a0736cc64b9516?cid=9950ac751e34487dbbe027c4fd7f8e99","true","0","USAR50412679","spotify:user:31eggmwgwd6b5f4672kiiveoehya","2025-12-20T00:01:56Z"
"spotify:track:4ebkPNHMYbZWv5pRrdP8ZP","Whether Terrified or Unafraid","spotify:artist:51EEn3UICoilrrWVZFz30C","'68","spotify:album:0xu0FA4siMz1DSie54xqJ2","Two Parts Viper","spotify:artist:51EEn3UICoilrrWVZFz30C","'68","2017-06-02","https://i.scdn.co/image/ab67616d0000b2739876ba2b6df8f2100c3659ae","1","2","181421","https://p.scdn.co/mp3-preview/fc4486e2fe9d3166e16570dc6155efe97c48bb26?cid=9950ac751e34487dbbe027c4fd7f8e99","false","7","GBCEJ1700068","spotify:user:31eggmwgwd6b5f4672kiiveoehya","2025-12-21T05:57:59Z"
"spotify:track:24T2GIt2erAzQQlgSdGAl6","With Distance Between","spotify:artist:51EEn3UICoilrrWVZFz30C","'68","spotify:album:3ttIehMdi54La2CtMEtDrA","Yes, and...","spotify:artist:51EEn3UICoilrrWVZFz30C","'68","2023-09-29","https://i.scdn.co/image/ab67616d0000b273766aacf0bd92ce31d1386d4c","1","1","233356","https://p.scdn.co/mp3-preview/00928228410fc4ac6c903cb9b94cefeed377590b?cid=9950ac751e34487dbbe027c4fd7f8e99","false","31","USSTT2300105","spotify:user:31eggmwgwd6b5f4672kiiveoehya","2025-12-21T06:05:54Z"
"spotify:track:7IUHrcwTOkv82yoHbjTsuT","What More Can I Say","spotify:artist:51EEn3UICoilrrWVZFz30C","'68","spotify:album:0xu0FA4siMz1DSie54xqJ2","Two Parts Viper","spotify:artist:51EEn3UICoilrrWVZFz30C","'68","2017-06-02","https://i.scdn.co/image/ab67616d0000b2739876ba2b6df8f2100c3659ae","1","10","242088","https://p.scdn.co/mp3-preview/4a096923636f6d2b16530443a0564487d08d904c?cid=9950ac751e34487dbbe027c4fd7f8e99","false","3","GBCEJ1700076","spotify:user:31eggmwgwd6b5f4672kiiveoehya","2025-12-21T06:08:48Z"
"spotify:track:6gPd6brcBXlbGdy1obe234","Time of Dying","spotify:artist:2xiIXseIJcq3nG7C8fHeBj","Three Days Grace","spotify:album:4ohPMPeZukCChC6xNJpeYx","One-X","spotify:artist:2xiIXseIJcq3nG7C8fHeBj","Three Days Grace","2006-06-13","https://i.scdn.co/image/ab67616d0000b273fa4c18fdbd1bf1a39b7b794f","1","10","186373","https://p.scdn.co/mp3-preview/d40a75f0ec6145a1f244726b9023ce7dd3bc8609?cid=9950ac751e34487dbbe027c4fd7f8e99","false","71","USJI10600165","spotify:user:31eggmwgwd6b5f4672kiiveoehya","2025-12-21T06:49:25Z"
"spotify:track:32sVvnnMdepytsjKtzWJVO","If These Bullets Could Talk","spotify:artist:72kTuWmVMzkRDkP1pgc8Hr","The Number Twelve Looks Like You","spotify:album:30itRLKQXYR7nRDogH4TSL","Put on Your Rosy Red Glasses","spotify:artist:72kTuWmVMzkRDkP1pgc8Hr","The Number Twelve Looks Like You","2003-03-07","https://i.scdn.co/image/ab67616d0000b2730ffe82312b6187f4482925de","1","5","245000","https://p.scdn.co/mp3-preview/d7885b80356bde82b45f8822dd0ca38a6fcc90d8?cid=9950ac751e34487dbbe027c4fd7f8e99","false","0","QMPKX1754659","spotify:user:31eggmwgwd6b5f4672kiiveoehya","2025-12-21T06:55:21Z"
"spotify:track:7J4uwuiyWB7BqIcyNdcVRl","Vampires Will Never Hurt You","spotify:artist:7FBcuc1gsnv6Y1nwFtNRCb","My Chemical Romance","spotify:album:3VSl97ITIbXoFQvx2DQ605","I Brought You My Bullets, You Brought Me Your Love","spotify:artist:7FBcuc1gsnv6Y1nwFtNRCb","My Chemical Romance","2002","https://i.scdn.co/image/ab67616d0000b2732e55bc288d7e0888027e22b7","1","3","326506","https://p.scdn.co/mp3-preview/ede09bf9d1c99cb1d0d15462fb974adc3769ce08?cid=9950ac751e34487dbbe027c4fd7f8e99","false","67","US5660602203","spotify:user:31eggmwgwd6b5f4672kiiveoehya","2025-12-22T21:33:00Z"
"spotify:track:2yTnWN1R5j6grXC8YLf5mc","Spit It Out","spotify:artist:05fG473iIaoy82BF1aGhL8","Slipknot","spotify:album:5lOFvOWAdy9G6p44noRILU","Slipknot","spotify:artist:05fG473iIaoy82BF1aGhL8","Slipknot","1999","https://i.scdn.co/image/ab67616d0000b27381e0d9617e70d75e7ae11fa6","1","6","159773","https://p.scdn.co/mp3-preview/8fb804628c6f9c821ec026a05238b20d848a751c?cid=9950ac751e34487dbbe027c4fd7f8e99","true","73","NLA329980196","spotify:user:31eggmwgwd6b5f4672kiiveoehya","2025-12-21T22:18:44Z"
"spotify:track:5y7NRMui3GLbwj2zBaOqo1","Never Too Late","spotify:artist:2xiIXseIJcq3nG7C8fHeBj","Three Days Grace","spotify:album:4ohPMPeZukCChC6xNJpeYx","One-X","spotify:artist:2xiIXseIJcq3nG7C8fHeBj","Three Days Grace","2006-06-13","https://i.scdn.co/image/ab67616d0000b273fa4c18fdbd1bf1a39b7b794f","1","4","209333","https://p.scdn.co/mp3-preview/674825b24d1b24668ada2d5be6278735ba0129be?cid=9950ac751e34487dbbe027c4fd7f8e99","false","73","USJI10600166","spotify:user:31eggmwgwd6b5f4672kiiveoehya","2025-12-23T03:56:15Z"
"spotify:track:3lPr8ghNDBLc2uZovNyLs9","Supermassive Black Hole","spotify:artist:12Chz98pHFMPJEknJQMWvI","Muse","spotify:album:0lw68yx3MhKflWFqCsGkIs","Black Holes and Revelations","spotify:artist:12Chz98pHFMPJEknJQMWvI","Muse","2006-06-28","https://i.scdn.co/image/ab67616d0000b27328933b808bfb4cbbd0385400","1","3","212439","https://p.scdn.co/mp3-preview/f4fe399267e6093182d576a6c84c0e081c81ff90?cid=9950ac751e34487dbbe027c4fd7f8e99","false","86","GBAHT0500593","spotify:user:31eggmwgwd6b5f4672kiiveoehya","2025-12-23T04:13:45Z"
"spotify:track:5316Jxdg95Bt9VeGuioYuf","Dead by Dawn","spotify:artist:2K3GorTixXKAiwe2t9lO89","Deicide","spotify:album:2gdL5FVb9weq5fVFa7Qw5F","Deicide (Reissue)","spotify:artist:2K3GorTixXKAiwe2t9lO89","Deicide","1990","https://i.scdn.co/image/ab67616d0000b273b4769574c2aa383d258c726e","1","4","236026","https://p.scdn.co/mp3-preview/0fe93f2028847f83dab30d4e2a44763e6f2526bc?cid=9950ac751e34487dbbe027c4fd7f8e99","false","48","NLA329880246","spotify:user:31eggmwgwd6b5f4672kiiveoehya","2025-12-26T02:13:41Z"
"spotify:track:7uehYZUZP2ToPlxI8pWiY5","You Know What They Do to Guys Like Us in Prison - 2025 Mix","spotify:artist:7FBcuc1gsnv6Y1nwFtNRCb","My Chemical Romance","spotify:album:2UyMXfEjHvT4LlrVYqXGTM","Three Cheers for Sweet Revenge (Deluxe Edition)","spotify:artist:7FBcuc1gsnv6Y1nwFtNRCb","My Chemical Romance","2025-06-06","https://i.scdn.co/image/ab67616d0000b273b0c0ef1157d2b44f4761c086","1","4","173802","https://p.scdn.co/mp3-preview/92d7d7285b9e4b8588524302adccae47c8aca2ee?cid=9950ac751e34487dbbe027c4fd7f8e99","true","52","USRE12500009","spotify:user:31eggmwgwd6b5f4672kiiveoehya","2025-12-26T02:30:02Z"
"spotify:track:18fXf0a5FuB3vgfVQFHoUo","The Ghost of You - 2025 Mix","spotify:artist:7FBcuc1gsnv6Y1nwFtNRCb","My Chemical Romance","spotify:album:2UyMXfEjHvT4LlrVYqXGTM","Three Cheers for Sweet Revenge (Deluxe Edition)","spotify:artist:7FBcuc1gsnv6Y1nwFtNRCb","My Chemical Romance","2025-06-06","https://i.scdn.co/image/ab67616d0000b273b0c0ef1157d2b44f4761c086","1","6","202976","https://p.scdn.co/mp3-preview/09ff68e84a103fd5fe1c1052e16b87fd030594a0?cid=9950ac751e34487dbbe027c4fd7f8e99","false","54","USRE12500011","spotify:user:31eggmwgwd6b5f4672kiiveoehya","2025-12-26T02:36:33Z"
"spotify:track:23qQEUwJWOhkvycR1a0Pfr","I'm Not Okay (I Promise) - Live for BBC Radio 1's ""The Lock Up"", 2005","spotify:artist:7FBcuc1gsnv6Y1nwFtNRCb","My Chemical Romance","spotify:album:2UyMXfEjHvT4LlrVYqXGTM","Three Cheers for Sweet Revenge (Deluxe Edition)","spotify:artist:7FBcuc1gsnv6Y1nwFtNRCb","My Chemical Romance","2025-06-06","https://i.scdn.co/image/ab67616d0000b273b0c0ef1157d2b44f4761c086","1","14","199117","https://p.scdn.co/mp3-preview/0556240229dfcb5d4b12de8c1578d971f4caa23e?cid=9950ac751e34487dbbe027c4fd7f8e99","true","42","GBCAD2402004","spotify:user:31eggmwgwd6b5f4672kiiveoehya","2025-12-26T03:02:57Z"
"spotify:track:3gEoKDn0uhb9qqLwC16tly","Everybody Wants to Rule the World","spotify:artist:3jOstUTkEu2JkjvRdBA5Gu","Weezer","spotify:album:65sHj9PvsbyD0uugGHjueN","Weezer (Teal Album)","spotify:artist:3jOstUTkEu2JkjvRdBA5Gu","Weezer","2019-01-24","https://i.scdn.co/image/ab67616d0000b27323473d8f0c8669583307532e","1","2","244800","https://p.scdn.co/mp3-preview/03101fdee399ca922a29adc52467856bd5befbf9?cid=9950ac751e34487dbbe027c4fd7f8e99","false","54","USAT21900607","spotify:user:31eggmwgwd6b5f4672kiiveoehya","2025-12-26T03:14:51Z"
"spotify:track:1ZS0Lgc8Esdg0Bf1JO6KF0","Assistant To The Regional Manager","spotify:artist:0NbQe5CNgh4YApOCDuHSjb","The Devil Wears Prada","spotify:album:3fF0DMCLemCIxQ09OpSq2Y","With Roots Above And Branches Below (Standard Edition)","spotify:artist:0NbQe5CNgh4YApOCDuHSjb","The Devil Wears Prada","2009-05-04","https://i.scdn.co/image/ab67616d0000b273584436351167d3a7fa27376f","1","3","217253","https://p.scdn.co/mp3-preview/536807df4541e2531507ba80be0558761686477b?cid=9950ac751e34487dbbe027c4fd7f8e99","false","52","US3H40912303","spotify:user:31eggmwgwd6b5f4672kiiveoehya","2025-12-26T04:01:09Z"
"spotify:track:47IWLfIKOKhFnz1FUEUIkE","A Boy Brushed Red Living In Black And White","spotify:artist:3GzWhE2xadJiW8MqRKIVSK","Underoath","spotify:album:5GeXnKDk6sD6RnkPVwFi19","They're Only Chasing Safety","spotify:artist:3GzWhE2xadJiW8MqRKIVSK","Underoath","2004-01-01","https://i.scdn.co/image/ab67616d0000b273c05f1b9f41f21afa225ce2ae","1","2","268000","","false","66","USTN10422712","spotify:user:31eggmwgwd6b5f4672kiiveoehya","2025-12-26T04:18:46Z"
"spotify:track:7oVSeyiX1W2RVdkkLKeSvg","Keep Myself Alive","spotify:artist:5r9uIJCoquVtEkCkvcn8Ez","Get Scared","spotify:album:2ofURnpkPHvzfkFfNT5xo7","Built for Blame, Laced With Shame - Spotify Exclusive","spotify:artist:5r9uIJCoquVtEkCkvcn8Ez","Get Scared","2012-08-28","https://i.scdn.co/image/ab67616d0000b2734c1e4c0b4e9363afd12b7b65","1","4","216510","https://p.scdn.co/mp3-preview/31c501a1b80610a97a7710835c43577dd7d14eb3?cid=9950ac751e34487dbbe027c4fd7f8e99","false","56","USA2P1215184","spotify:user:31eggmwgwd6b5f4672kiiveoehya","2025-12-26T19:18:00Z"
"spotify:track:0F8GQXgAOFaenTkFuFQOTu","ableedingsky","spotify:artist:5y2ymtnwjo4qwclZR9512J","concealer.","spotify:album:7oLxDBqSqhYtdfOOZwbC8m","[tarnished | ableedingsky]","spotify:artist:5y2ymtnwjo4qwclZR9512J","concealer.","2024-11-08","https://i.scdn.co/image/ab67616d0000b273e1889c88e4b167732f834c45","1","2","213500","https://p.scdn.co/mp3-preview/05b5d46ad10597895ab5026968bca4407f1c406b?cid=9950ac751e34487dbbe027c4fd7f8e99","false","41","QZWFK2491210","spotify:user:31eggmwgwd6b5f4672kiiveoehya","2025-12-26T19:46:36Z"
"spotify:track:6aXdlEeIiTk2rOsuVkVqDQ","Day 54","spotify:artist:5ACBALsFxT5Ab3gVe8yyPs","letlive.","spotify:album:4NGL5wvv9sw44rshaAySWR","Fake History","spotify:artist:5ACBALsFxT5Ab3gVe8yyPs","letlive.","2011-04-12","https://i.scdn.co/image/ab67616d0000b273324e8ea0bc779b197b199122","1","11","405333","https://p.scdn.co/mp3-preview/ae7eb1ece2d0e6db5de2dc16d7e062584a6cdfda?cid=9950ac751e34487dbbe027c4fd7f8e99","false","25","USF270706311","spotify:user:31eggmwgwd6b5f4672kiiveoehya","2025-12-27T01:39:14Z"
"spotify:track:6JKi3iWIe2KBcF13UCAjLC","Vanity's Fair","spotify:artist:4tGd3HHlV4RVOdlBc5LAW3","A Lot Like Birds","spotify:album:00WQtQmL9Nh5E4MGwV5UC6","Conversation Piece","spotify:artist:4tGd3HHlV4RVOdlBc5LAW3","A Lot Like Birds","2011","https://i.scdn.co/image/ab67616d0000b2739f0053ec909d20275fab6d4f","1","3","320013","https://p.scdn.co/mp3-preview/48297a254e324a7bbf126a7fb3ec09272a540453?cid=9950ac751e34487dbbe027c4fd7f8e99","false","41","US3X51326903","spotify:user:31eggmwgwd6b5f4672kiiveoehya","2025-12-27T01:48:47Z"
"spotify:track:18O3a7KOYuFMqD5ASFQCTa","Cemetery Weather","spotify:artist:6dHr8Y0nPrnHiBOuJzuu8F","Isles & Glaciers","spotify:album:0NMxCRPdsRGiwxHc8Ly0vR","The Hearts of Lonely People","spotify:artist:6dHr8Y0nPrnHiBOuJzuu8F","Isles & Glaciers","2010-03-09","https://i.scdn.co/image/ab67616d0000b273fe96fa1d54d59f3adf4edc76","1","7","420213","https://p.scdn.co/mp3-preview/ad3598e42f200c4c4bd7dcc3fdaf653cd25cbbc3?cid=9950ac751e34487dbbe027c4fd7f8e99","false","46","US3X51017107","spotify:user:31eggmwgwd6b5f4672kiiveoehya","2025-12-27T21:32:09Z"
"spotify:track:6oUMZDTrWE9GbfVb3miJcj","name this song, friends!","spotify:artist:4xdv6HFLsLIIxG1yO1QL9g","cofun","spotify:album:5eY3JuWm3pIo85tI0w666A","4songs","spotify:artist:4xdv6HFLsLIIxG1yO1QL9g","cofun","2024-08-21","https://i.scdn.co/image/ab67616d0000b2736b1f953547c8b8e10bb1df9b","1","1","292703","https://p.scdn.co/mp3-preview/0cfdf968c0b669ee30890eb09118ada9479ca986?cid=9950ac751e34487dbbe027c4fd7f8e99","false","20","SE6I32474025","spotify:user:31eggmwgwd6b5f4672kiiveoehya","2025-12-27T20:19:47Z"
"spotify:track:2Akdr0m70wFSlCGX7y43J1","the stem","spotify:artist:4xdv6HFLsLIIxG1yO1QL9g","cofun","spotify:album:5eY3JuWm3pIo85tI0w666A","4songs","spotify:artist:4xdv6HFLsLIIxG1yO1QL9g","cofun","2024-08-21","https://i.scdn.co/image/ab67616d0000b2736b1f953547c8b8e10bb1df9b","1","4","219441","https://p.scdn.co/mp3-preview/a8b77e4e4d05d9f073facc0148849c1716eff46e?cid=9950ac751e34487dbbe027c4fd7f8e99","false","15","SE6I32474028","spotify:user:31eggmwgwd6b5f4672kiiveoehya","2025-12-27T20:23:19Z"
"spotify:track:11mg8LIKccwcygivckoAyx","Brightside","spotify:artist:57CFJBlquMhHerM1QeDpWM","Shift Meal","spotify:album:0mT7605Vr0D4mVKcoTAPMT","86 Serotonin","spotify:artist:57CFJBlquMhHerM1QeDpWM","Shift Meal","2023-01-03","https://i.scdn.co/image/ab67616d0000b2733343e43065ac293354ea26b3","1","1","134080","https://p.scdn.co/mp3-preview/48ddc239b1ab9910bb7234e8034c715d12b95e0b?cid=9950ac751e34487dbbe027c4fd7f8e99","true","20","QZFYY2313441","spotify:user:31eggmwgwd6b5f4672kiiveoehya","2025-12-28T16:21:48Z"
"spotify:track:2wRxT0oLnINBO3hPaivUnk","This Love, This Hate","spotify:artist:0CEFCo8288kQU7mJi25s6E","Hollywood Undead","spotify:album:2UYxjXHKm1JDT6JA7OSeR6","Swan Songs","spotify:artist:0CEFCo8288kQU7mJi25s6E","Hollywood Undead","2008-09-02","https://i.scdn.co/image/ab67616d0000b273e3a40a64f0473c111cf42b06","1","8","237160","","false","49","USUM70826471","spotify:user:31eggmwgwd6b5f4672kiiveoehya","2025-12-28T16:43:47Z"
"spotify:track:4cvO5P0ldjlxErZk8CWXLY","Cigarettes","spotify:artist:6vNQcK5GY7IHShnGWsS3iD","Happy Hour","spotify:album:0v9wx2XvQqEcysU31Yt9iJ","Love Hurts","spotify:artist:6vNQcK5GY7IHShnGWsS3iD","Happy Hour","2019-02-07","https://i.scdn.co/image/ab67616d0000b273bd6c98e49635bbdc3ed26d10","1","1","258713","https://p.scdn.co/mp3-preview/88493d958fc43609896c1ee791149e3805175b98?cid=9950ac751e34487dbbe027c4fd7f8e99","true","40","USCGH1962727","spotify:user:31eggmwgwd6b5f4672kiiveoehya","2025-12-28T16:52:38Z"
"spotify:track:10Nmj3JCNoMeBQ87uw5j8k","Dani California","spotify:artist:0L8ExT028jH3ddEcZwqJJ5","Red Hot Chili Peppers","spotify:album:7xl50xr9NDkd3i2kBbzsNZ","Stadium Arcadium","spotify:artist:0L8ExT028jH3ddEcZwqJJ5","Red Hot Chili Peppers","2006-05-09","https://i.scdn.co/image/ab67616d0000b27309fd83d32aee93dceba78517","1","1","282160","https://p.scdn.co/mp3-preview/0454b7cef05f7db734eb04bd4f3948009838f380?cid=9950ac751e34487dbbe027c4fd7f8e99","false","86","USWB10600700","spotify:user:31eggmwgwd6b5f4672kiiveoehya","2025-12-28T17:36:17Z"
"spotify:track:3yrc0xil02aHosUKWwLHQO","Industry Sets in (recorded at Rj's)","spotify:artist:2ALPlxQXgbYWA3iZU1LxhO","She Died Real Pretty","spotify:album:0AVKRCaB6Kos3OfMqYfx1V","Fucking Dead","spotify:artist:2ALPlxQXgbYWA3iZU1LxhO","She Died Real Pretty","2024-06-20","https://i.scdn.co/image/ab67616d0000b273927e631963b7322df7a843d5","1","9","195973","https://p.scdn.co/mp3-preview/de2ede9e6d26c1daa57f2e84bcf1625c84124edc?cid=9950ac751e34487dbbe027c4fd7f8e99","false","24","QZNWX2453048","spotify:user:31eggmwgwd6b5f4672kiiveoehya","2025-12-28T17:45:22Z"
"spotify:track:10a8GFqhp6uiNogYRBS0YH","And When He Falleth","spotify:artist:31eXqCx5cAlItdGdoHMEOu","Theatre Of Tragedy","spotify:album:7CDFKrUkHML9jGj8STbcZL","Velvet Darkness They Fear","spotify:artist:31eXqCx5cAlItdGdoHMEOu","Theatre Of Tragedy","1996-01-01","https://i.scdn.co/image/ab67616d0000b2730d50567beb34f578132bcd4a","1","5","428306","https://p.scdn.co/mp3-preview/d1820e61806fbeab391f93eb0935ed0206db35ad?cid=9950ac751e34487dbbe027c4fd7f8e99","false","46","DER379610705","spotify:user:31eggmwgwd6b5f4672kiiveoehya","2025-12-29T01:13:55Z"
"spotify:track:0is4yL58CcQ4Gv4WgTGr9N","Gunfight","spotify:artist:7qAcXJgt1PWnxwUgxMdyuk","SICK PUPPIES","spotify:album:6rL7tAqRqT4DL4I1bcADTi","Connect","spotify:artist:7qAcXJgt1PWnxwUgxMdyuk","SICK PUPPIES","2013-01-01","https://i.scdn.co/image/ab67616d0000b273f758e1bf25ac7479825e4c9c","1","4","175720","","true","59","USUM71305557","spotify:user:31eggmwgwd6b5f4672kiiveoehya","2026-01-06T00:07:06Z"
"spotify:track:51wrJZ4Gd4zQjQpwdQghtP","Thine King Weeps for Mercy","spotify:artist:0wOwVOP7Ce98ZKtQ1CrJ68","Netherwalker","spotify:album:1bJYmfQbNhaKkiiqtlcMuv","Thine King Weeps for Mercy","spotify:artist:0wOwVOP7Ce98ZKtQ1CrJ68","Netherwalker","2022-03-21","https://i.scdn.co/image/ab67616d0000b273ef0ed8be0629a6c6dcdad99a","1","1","167127","https://p.scdn.co/mp3-preview/c784ef2e32a0a554caa18340fa8b3b0c5d438b45?cid=9950ac751e34487dbbe027c4fd7f8e99","true","4","QZES72245895","spotify:user:31eggmwgwd6b5f4672kiiveoehya","2026-01-30T23:40:42Z"
"spotify:track:3udoGopFA18c8oFVMabjUk","An Opulent Pillaging of the Treacherous Goblin Encampment","spotify:artist:0wOwVOP7Ce98ZKtQ1CrJ68","Netherwalker","spotify:album:09pbAAKGQEdbM51Ji0B1ZS","Odyssey of Respair","spotify:artist:0wOwVOP7Ce98ZKtQ1CrJ68","Netherwalker","2025-11-17","https://i.scdn.co/image/ab67616d0000b27324b8385542dd4da08fe0ff48","1","4","209199","https://p.scdn.co/mp3-preview/9721d7cfed63289c186816102a3af7dc229af2f3?cid=9950ac751e34487dbbe027c4fd7f8e99","false","2","QT6EU2584414","spotify:user:31eggmwgwd6b5f4672kiiveoehya","2026-01-30T23:42:58Z"
"spotify:track:1NFkehGVuMb79YLZGJkAud","For Princess Elizabeth, We Fly!","spotify:artist:0wOwVOP7Ce98ZKtQ1CrJ68","Netherwalker","spotify:album:09pbAAKGQEdbM51Ji0B1ZS","Odyssey of Respair","spotify:artist:0wOwVOP7Ce98ZKtQ1CrJ68","Netherwalker","2025-11-17","https://i.scdn.co/image/ab67616d0000b27324b8385542dd4da08fe0ff48","1","13","436336","https://p.scdn.co/mp3-preview/790c3c3cc0d447acfdeb4c26a36c3ee241f5cc5f?cid=9950ac751e34487dbbe027c4fd7f8e99","false","2","QT6EU2584423","spotify:user:31eggmwgwd6b5f4672kiiveoehya","2026-01-31T00:33:28Z"
"spotify:track:15J5AzUDE3F93Zq29zkQdF","The Circle In The Square","spotify:artist:0rHiOzaAbw3cCp8D7yjyig","Flobots","spotify:album:1A5BznYyitFMW4erknouZl","The Circle In The Square","spotify:artist:0rHiOzaAbw3cCp8D7yjyig","Flobots","2012-08-28","https://i.scdn.co/image/ab67616d0000b2731730d3d331ce6adca9b0ac2a","1","2","242613","https://p.scdn.co/mp3-preview/bf9017cb3fc8bf870923b71b1c6357c8a3c12aea?cid=9950ac751e34487dbbe027c4fd7f8e99","false","37","US7SF1252241","spotify:user:31eggmwgwd6b5f4672kiiveoehya","2026-02-05T01:51:28Z"
"spotify:track:3yoZpOB5ro75ENWjl5F2z7","Stand Up","spotify:artist:0rHiOzaAbw3cCp8D7yjyig","Flobots","spotify:album:0Q7dUE51rPBQwszngVlqPG","Fight With Tools","spotify:artist:0rHiOzaAbw3cCp8D7yjyig","Flobots","2008-01-01","https://i.scdn.co/image/ab67616d0000b2739c42c35d57212a5920c42f6c","1","4","278560","","false","41","USUM70810610","spotify:user:31eggmwgwd6b5f4672kiiveoehya","2026-02-05T23:38:26Z"
"spotify:track:1d3UgMKbD1uXObVVmLy44o","Slave to the Rithm","spotify:artist:45eNHdiiabvmbp4erw26rg, spotify:artist:1Ffb6ejR6Fe5IamqA5oRUF","ILLENIUM, Bring Me The Horizon","spotify:album:1zkjekq6WASy2Mh1RktGd1","Slave to the Rithm","spotify:artist:45eNHdiiabvmbp4erw26rg, spotify:artist:1Ffb6ejR6Fe5IamqA5oRUF","ILLENIUM, Bring Me The Horizon","2026-02-05","https://i.scdn.co/image/ab67616d0000b273f0538671e515ef783b91dfb7","1","1","269220","","true","51","USUG12509636","spotify:user:31eggmwgwd6b5f4672kiiveoehya","2026-02-11T21:42:40Z"
"spotify:track:5e0OSsSpWpQ2kS7Z9CGLDu","Toxic garbage island","spotify:artist:0GDGKpJFhVpcjIGF8N6Ewt","Gojira","spotify:album:4J79cxsmRqZbI0BKmNFDy2","The way of all flesh","spotify:artist:0GDGKpJFhVpcjIGF8N6Ewt","Gojira","2008-10-13","https://i.scdn.co/image/ab67616d0000b273633e47ec647995bd469d8a0d","1","2","246680","https://p.scdn.co/mp3-preview/a484e01df63af3015d37ce10b0cbbf3d3989741f?cid=9950ac751e34487dbbe027c4fd7f8e99","false","60","FRYFO0800002","spotify:user:31eggmwgwd6b5f4672kiiveoehya","2026-02-15T01:21:43Z"
"spotify:track:0JUZetZb7lxLsmT7HwNCQv","We Love You","spotify:artist:0nmQIMXWTXfhgOBdNzhGOs","Avenged Sevenfold","spotify:album:50YNY0xy9uJ0U9eFQBdLJa","Life Is But a Dream…","spotify:artist:0nmQIMXWTXfhgOBdNzhGOs","Avenged Sevenfold","2023-06-02","https://i.scdn.co/image/ab67616d0000b273e1baf26209aca9182039f313","1","4","375026","https://p.scdn.co/mp3-preview/d3dfd4254e4f16ea2912b2cd2c492fa513e56361?cid=9950ac751e34487dbbe027c4fd7f8e99","false","56","USWB12207176","spotify:user:31eggmwgwd6b5f4672kiiveoehya","2026-02-18T02:49:38Z"
"spotify:track:6FecPrLYFJOtnyAve4j7lQ","It's Always You","spotify:artist:3IqWV1jEfJHTg9WosOQOeg","Strange Lot","spotify:album:5CKrFEcGJBXagLeTwKBGgq","It's Always You","spotify:artist:3IqWV1jEfJHTg9WosOQOeg","Strange Lot","2024-12-03","https://i.scdn.co/image/ab67616d0000b273d938dcc64c30e65d18c224bc","1","1","272808","https://p.scdn.co/mp3-preview/12d2ca9bc2f6c01cb961a069eb212ac4ac8b854c?cid=9950ac751e34487dbbe027c4fd7f8e99","false","13","TCAIZ2493740","spotify:user:31eggmwgwd6b5f4672kiiveoehya","2026-02-21T20:59:15Z"
"spotify:track:73TrLTrYjQmhGnCNvBMxvB","Detroit","spotify:artist:3T55D3LMiygE9eSKFpiAye","Badflower","spotify:album:1ApjqWf9VPtgc5RgWcLk68","No Place Like Home","spotify:artist:3T55D3LMiygE9eSKFpiAye","Badflower","2025-06-20","https://i.scdn.co/image/ab67616d0000b2732c8255cfcc8dde98740db7c3","1","7","211509","","false","39","QZRD92405502","spotify:user:31eggmwgwd6b5f4672kiiveoehya","2026-02-28T17:26:12Z"
"spotify:track:2HS4qeDMPLXclHGpDRNk6u","London","spotify:artist:3T55D3LMiygE9eSKFpiAye","Badflower","spotify:album:2WTsBo00ik6uknNsm09K9v","Paws","spotify:artist:3T55D3LMiygE9eSKFpiAye","Badflower","2025-04-04","https://i.scdn.co/image/ab67616d0000b27353771b1d8424526aa19e7065","1","2","248089","","false","19","QZRD92406417","spotify:user:31eggmwgwd6b5f4672kiiveoehya","2026-02-28T18:22:03Z"
"spotify:track:2tuYSKFHH9fxVfBbjsTHKM","Haunting You","spotify:artist:3T55D3LMiygE9eSKFpiAye","Badflower","spotify:album:2WTsBo00ik6uknNsm09K9v","Paws","spotify:artist:3T55D3LMiygE9eSKFpiAye","Badflower","2025-04-04","https://i.scdn.co/image/ab67616d0000b27353771b1d8424526aa19e7065","1","4","157203","","true","16","QZRD92406173","spotify:user:31eggmwgwd6b5f4672kiiveoehya","2026-02-28T20:19:28Z"
"spotify:track:7DzZrJVZNRChkg7cjj2ATI","Ghost","spotify:artist:3T55D3LMiygE9eSKFpiAye","Badflower","spotify:album:56NyK5Hw7ObfxrIBTKVFAq","London","spotify:artist:3T55D3LMiygE9eSKFpiAye","Badflower","2025-01-24","https://i.scdn.co/image/ab67616d0000b2731e3eff21edd76f4301a05b4e","1","4","259519","","true","16","USCJY1854001","spotify:user:31eggmwgwd6b5f4672kiiveoehya","2026-02-28T20:34:25Z"
"spotify:track:3IXktkjHv6F0JoZLGqpnG9","Everyone’s An Asshole","spotify:artist:3T55D3LMiygE9eSKFpiAye","Badflower","spotify:album:6r7VmAhI33ALEKkcS62kdp","This Is How The World Ends (Behind The Songs)","spotify:artist:3T55D3LMiygE9eSKFpiAye","Badflower","2021-09-24","https://i.scdn.co/image/ab67616d0000b273451f12da89538d4c6f2dd90e","1","12","180000","","true","11","QZRD92100079","spotify:user:31eggmwgwd6b5f4672kiiveoehya","2026-03-01T02:21:56Z"
"spotify:track:46gSk82duJtX3TTA182ruG","This fffire - New Version","spotify:artist:0XNa1vTidXlvJ2gHSsRi4A","Franz Ferdinand","spotify:album:4hUCtGcc0hRYXFhKSETlll","This fffire","spotify:artist:0XNa1vTidXlvJ2gHSsRi4A","Franz Ferdinand","2004-11-15","https://i.scdn.co/image/ab67616d0000b273c4046985c8b4f9478e0af14e","1","1","218080","https://p.scdn.co/mp3-preview/ab4c70ee52c090e0664ce8f3fc16fe828a85a858?cid=9950ac751e34487dbbe027c4fd7f8e99","false","72","GBCEL0400184","spotify:user:31eggmwgwd6b5f4672kiiveoehya","2026-03-29T23:25:20Z"
"spotify:track:4xDwCYhobDehSBGUmd5H6Y","FEEL NOTHING","spotify:artist:1cJ5tVoeAEFcZBAwSZ0CtF","The Plot In You","spotify:album:7BNY7JDC9CtfXMOQARmuWP","DISPOSE","spotify:artist:1cJ5tVoeAEFcZBAwSZ0CtF","The Plot In You","2018-02-16","https://i.scdn.co/image/ab67616d0000b273197f778e9f68a8ab1d7da3f8","1","5","216826","","true","75","US5261722654","spotify:user:31eggmwgwd6b5f4672kiiveoehya","2026-04-09T01:40:44Z"
"spotify:track:0ZZCltcOacjI1kY4BnVDjt","Forgotten","spotify:artist:1cJ5tVoeAEFcZBAwSZ0CtF","The Plot In You","spotify:album:6wurDqEmcCcIoria5SRmom","Vol. 1","spotify:artist:1cJ5tVoeAEFcZBAwSZ0CtF","The Plot In You","2024-01-12","https://i.scdn.co/image/ab67616d0000b273d2fec8f76877002b6d23eb38","1","3","175249","","true","66","US5262325381","spotify:user:31eggmwgwd6b5f4672kiiveoehya","2026-04-09T01:47:36Z"
"spotify:track:2ciYYljvXw3vJdWi6hkEfS","Divide","spotify:artist:1cJ5tVoeAEFcZBAwSZ0CtF","The Plot In You","spotify:album:6wurDqEmcCcIoria5SRmom","Vol. 1","spotify:artist:1cJ5tVoeAEFcZBAwSZ0CtF","The Plot In You","2024-01-12","https://i.scdn.co/image/ab67616d0000b273d2fec8f76877002b6d23eb38","1","1","208834","","true","62","US5262224978","spotify:user:31eggmwgwd6b5f4672kiiveoehya","2026-04-09T01:49:44Z"
"spotify:track:13TI2bhTRld8pgk9xM8wm9","Don’t Look Away","spotify:artist:1cJ5tVoeAEFcZBAwSZ0CtF","The Plot In You","spotify:album:4waOzgfNIF4sBAkKX9NzrJ","Don't Look Away","spotify:artist:1cJ5tVoeAEFcZBAwSZ0CtF","The Plot In You","2024-03-08","https://i.scdn.co/image/ab67616d0000b2739fe878399d9f4941855ee00f","1","1","193121","","true","59","US5262326346","spotify:user:31eggmwgwd6b5f4672kiiveoehya","2026-04-09T01:55:38Z"
"spotify:track:7tv8zTisovOo3Xb9KAVOpa","Silence","spotify:artist:1cJ5tVoeAEFcZBAwSZ0CtF","The Plot In You","spotify:album:5GjHVUyDk6m5UBq8xh0iTk","Silence","spotify:artist:1cJ5tVoeAEFcZBAwSZ0CtF","The Plot In You","2025-09-12","https://i.scdn.co/image/ab67616d0000b273f397c51dea53a9d6a880b660","1","1","191660","","true","58","US5262527606","spotify:user:31eggmwgwd6b5f4672kiiveoehya","2026-04-09T02:13:46Z"
"spotify:track:06j7eVHrgRSt9eQSWhH3zK","Left Behind","spotify:artist:1cJ5tVoeAEFcZBAwSZ0CtF","The Plot In You","spotify:album:6wurDqEmcCcIoria5SRmom","Vol. 1","spotify:artist:1cJ5tVoeAEFcZBAwSZ0CtF","The Plot In You","2024-01-12","https://i.scdn.co/image/ab67616d0000b273d2fec8f76877002b6d23eb38","1","2","206924","","false","65","US5262325259","spotify:user:31eggmwgwd6b5f4672kiiveoehya","2026-04-09T02:21:57Z"
"spotify:track:78mjaBatbfvwx5KJwI036H","Mz. Hyde","spotify:artist:6om12Ev5ppgoMy3OYSoech","Halestorm","spotify:album:4TyrGrbnsOVKOXVut2huz2","The Strange Case of... (Deluxe)","spotify:artist:6om12Ev5ppgoMy3OYSoech","Halestorm","2012-04-09","https://i.scdn.co/image/ab67616d0000b273b03ce145dfc370474ce2757a","1","2","202306","https://p.scdn.co/mp3-preview/969baa8c4ae106d7d19ccd88f51a5f01041042d0?cid=9950ac751e34487dbbe027c4fd7f8e99","false","58","USAT21200149","spotify:user:31eggmwgwd6b5f4672kiiveoehya","2026-04-10T14:55:53Z"
"spotify:track:42h9lxw9OKy1sw6vh6dKBP","Rock Show","spotify:artist:6om12Ev5ppgoMy3OYSoech","Halestorm","spotify:album:4TyrGrbnsOVKOXVut2huz2","The Strange Case of... (Deluxe)","spotify:artist:6om12Ev5ppgoMy3OYSoech","Halestorm","2012-04-09","https://i.scdn.co/image/ab67616d0000b273b03ce145dfc370474ce2757a","1","8","199093","https://p.scdn.co/mp3-preview/bcfef169631a8aae32668bb81b5d7e0d3478c5d3?cid=9950ac751e34487dbbe027c4fd7f8e99","false","48","USAT21200100","spotify:user:31eggmwgwd6b5f4672kiiveoehya","2026-04-11T00:06:31Z"
"spotify:track:55jJ2S9L8EBUHzSEJ2MWiN","Love Burns","spotify:artist:467M2s2YxXdlL2ZpDUNL3A","Paleface Swiss","spotify:album:2ic9y0c0Y7goGxrre1ud7Q","CURSED","spotify:artist:467M2s2YxXdlL2ZpDUNL3A","Paleface Swiss","2025-01-03","https://i.scdn.co/image/ab67616d0000b2733323c21f1cf7b5fcdc053a3c","1","8","255858","https://p.scdn.co/mp3-preview/13219ef39ed97943eb7a62e0c124b2e81344223c?cid=9950ac751e34487dbbe027c4fd7f8e99","true","47","DGA082463574","spotify:user:31eggmwgwd6b5f4672kiiveoehya","2026-04-23T01:50:45Z"
"spotify:track:2X9xNcQnRPNLa9fUvl218u","River Of Sorrows","spotify:artist:467M2s2YxXdlL2ZpDUNL3A","Paleface Swiss","spotify:album:2ic9y0c0Y7goGxrre1ud7Q","CURSED","spotify:artist:467M2s2YxXdlL2ZpDUNL3A","Paleface Swiss","2025-01-03","https://i.scdn.co/image/ab67616d0000b2733323c21f1cf7b5fcdc053a3c","1","9","242984","https://p.scdn.co/mp3-preview/f18279060f73aa1fc6439447398c2b7f79dd68cc?cid=9950ac751e34487dbbe027c4fd7f8e99","true","59","DGA082463575","spotify:user:31eggmwgwd6b5f4672kiiveoehya","2026-04-23T01:53:55Z"
"spotify:track:0JGnL5MNVzgDk8pdVbHv3M","Suppressing Times","spotify:artist:467M2s2YxXdlL2ZpDUNL3A","Paleface Swiss","spotify:album:5oYXUzd3epaervDjXmCJUv","Fear & Dagger","spotify:artist:467M2s2YxXdlL2ZpDUNL3A","Paleface Swiss","2022-03-25","https://i.scdn.co/image/ab67616d0000b27395ca0c900f715f50c135e943","1","3","182694","https://p.scdn.co/mp3-preview/dc556ad9fac657df90aba2e9f0e87a14546f11d1?cid=9950ac751e34487dbbe027c4fd7f8e99","true","53","FRX872150898","spotify:user:31eggmwgwd6b5f4672kiiveoehya","2026-04-23T02:08:57Z"
"spotify:track:1NYlPHjmopAthEDeIGfJo3","(F)Inally (U)Nderstanding (N)Othing","spotify:artist:1C62FV9Cltn9L4c9jAwCyk","Emmure","spotify:album:55rUi0DIA1k24v7LdeAhKs","Hindsight","spotify:artist:1C62FV9Cltn9L4c9jAwCyk","Emmure","2020-06-26","https://i.scdn.co/image/ab67616d0000b273e3512988bc3e2f6c51369522","1","1","172394","https://p.scdn.co/mp3-preview/f350a6b947e3a0edb72390ab0194ae1f6bc58867?cid=9950ac751e34487dbbe027c4fd7f8e99","true","53","DED831901148","spotify:user:31eggmwgwd6b5f4672kiiveoehya","2026-04-23T20:13:37Z"
"spotify:track:6pCkJ0r6WEyz5ASErk5ezS","Solar Flare Homicide","spotify:artist:1C62FV9Cltn9L4c9jAwCyk","Emmure","spotify:album:4BcTytmn7rMtxg2mESczbQ","Speaker Of The Dead","spotify:artist:1C62FV9Cltn9L4c9jAwCyk","Emmure","2011-02-15","https://i.scdn.co/image/ab67616d0000b273b3b5cc9f821bb74585d29922","1","5","230400","","true","51","USVIC1160405","spotify:user:31eggmwgwd6b5f4672kiiveoehya","2026-04-23T20:18:02Z"
"spotify:track:3uP7ds9RlY7h5Ync9BkW9l","203","spotify:artist:1C62FV9Cltn9L4c9jAwCyk","Emmure","spotify:album:55rUi0DIA1k24v7LdeAhKs","Hindsight","spotify:artist:1C62FV9Cltn9L4c9jAwCyk","Emmure","2020-06-26","https://i.scdn.co/image/ab67616d0000b273e3512988bc3e2f6c51369522","1","9","217173","https://p.scdn.co/mp3-preview/b83d98baa1e42e3bb480ffa6a06e02e218dce42c?cid=9950ac751e34487dbbe027c4fd7f8e99","false","31","DED831901156","spotify:user:31eggmwgwd6b5f4672kiiveoehya","2026-04-24T19:09:29Z"
"spotify:track:5yU3IP5s7giY3YsUHWIgp0","1/4LIFECRISIS.","spotify:artist:6UOj6bnlUMdfLXvJgRRtPH, spotify:artist:6UxRNE2TDlQP0GFEGJyvSQ, spotify:artist:45rYLzdpnIdL5lu9vDMTNX","Tyler Rossow, Seething Akira, Felipe Hervoso","spotify:album:6YerNMvvwvMljZoJcfUoYy","1/4LIFECRISIS.","spotify:artist:6UOj6bnlUMdfLXvJgRRtPH","Tyler Rossow","2026-01-09","https://i.scdn.co/image/ab67616d0000b2738cc4e43d3fbf4742b55b711f","1","1","125819","https://p.scdn.co/mp3-preview/b61dde2b5651879993acfb2041cb1bedcff609ef?cid=9950ac751e34487dbbe027c4fd7f8e99","true","9","QT6FG2587107","spotify:user:31eggmwgwd6b5f4672kiiveoehya","2026-05-03T16:32:24Z"
"spotify:track:6m1oV7BqWTD6QLP2zLIX8V","Nail To The Tooth","spotify:artist:467M2s2YxXdlL2ZpDUNL3A","Paleface Swiss","spotify:album:5oYXUzd3epaervDjXmCJUv","Fear & Dagger","spotify:artist:467M2s2YxXdlL2ZpDUNL3A","Paleface Swiss","2022-03-25","https://i.scdn.co/image/ab67616d0000b27395ca0c900f715f50c135e943","1","6","219181","https://p.scdn.co/mp3-preview/e2684fa49879b64187e19e6b6655c5d84cec442c?cid=9950ac751e34487dbbe027c4fd7f8e99","true","58","FRX872150900","spotify:user:31eggmwgwd6b5f4672kiiveoehya","2026-05-03T21:35:12Z"
"spotify:track:0E0GPPvheTzleZgWckjef2","HURT","spotify:artist:31M8EXHYtEqOqVb1X7JRVe","Dead Poet Society","spotify:album:6PUmlxsIK7Z2Gr5OSTa5YA","FISSION","spotify:artist:31M8EXHYtEqOqVb1X7JRVe","Dead Poet Society","2024-01-26","https://i.scdn.co/image/ab67616d0000b273d856363649eb9d4a03adde54","1","3","213924","https://p.scdn.co/mp3-preview/58f29d9c8cc567b04539973dd226afc24aaa882e?cid=9950ac751e34487dbbe027c4fd7f8e99","true","58","GBPVV2305352","spotify:user:31eggmwgwd6b5f4672kiiveoehya","2026-05-10T01:12:09Z"
"spotify:track:0eBsk20VUCteluy2YYD6FR","Not My Night","spotify:artist:62HP0MjTAtQD1PSvhulYFY","Couch Dog","spotify:album:7rNRCg5sprrKHydDwWg1Ue","How To Ruin Your Life Fast","spotify:artist:62HP0MjTAtQD1PSvhulYFY","Couch Dog","2023-05-19","https://i.scdn.co/image/ab67616d0000b273509c7be802274613d09a7233","1","11","210577","https://p.scdn.co/mp3-preview/35641e0829bddfbeb14401cd83174f6f5793c3e1?cid=9950ac751e34487dbbe027c4fd7f8e99","false","34","QZHNA2367647","spotify:user:31eggmwgwd6b5f4672kiiveoehya","2026-06-11T22:42:53Z"
"spotify:track:0wHkXSQBKPm0UxvdMffcJh","I Never Loved Myself Like I Loved You","spotify:artist:31M8EXHYtEqOqVb1X7JRVe","Dead Poet Society","spotify:album:6tdWQvZKSlDcvEVO7Wtrek","-!- (Deluxe)","spotify:artist:31M8EXHYtEqOqVb1X7JRVe","Dead Poet Society","2021-12-03","https://i.scdn.co/image/ab67616d0000b273c38f0d9cbb43f048d8a6cc60","1","9","261680","https://p.scdn.co/mp3-preview/0027e384a983b810e7ff6197485c315ef2ab9199?cid=9950ac751e34487dbbe027c4fd7f8e99","false","50","GBUM72003963","spotify:user:31eggmwgwd6b5f4672kiiveoehya","2026-06-23T02:57:53Z"
"spotify:track:443zW8RT7DtADyBFJqwVex",".georgia.","spotify:artist:31M8EXHYtEqOqVb1X7JRVe","Dead Poet Society","spotify:album:6tdWQvZKSlDcvEVO7Wtrek","-!- (Deluxe)","spotify:artist:31M8EXHYtEqOqVb1X7JRVe","Dead Poet Society","2021-12-03","https://i.scdn.co/image/ab67616d0000b273c38f0d9cbb43f048d8a6cc60","1","7","202933","https://p.scdn.co/mp3-preview/d7fd9749fe8d49bf40d574b9a6097ac5f36f40dc?cid=9950ac751e34487dbbe027c4fd7f8e99","false","40","GBUM72003961","spotify:user:31eggmwgwd6b5f4672kiiveoehya","2026-06-23T03:02:05Z"
"spotify:track:0E0GPPvheTzleZgWckjef2","HURT","spotify:artist:31M8EXHYtEqOqVb1X7JRVe","Dead Poet Society","spotify:album:6PUmlxsIK7Z2Gr5OSTa5YA","FISSION","spotify:artist:31M8EXHYtEqOqVb1X7JRVe","Dead Poet Society","2024-01-26","https://i.scdn.co/image/ab67616d0000b273d856363649eb9d4a03adde54","1","3","213924","https://p.scdn.co/mp3-preview/58f29d9c8cc567b04539973dd226afc24aaa882e?cid=9950ac751e34487dbbe027c4fd7f8e99","true","58","GBPVV2305352","spotify:user:31eggmwgwd6b5f4672kiiveoehya","2026-06-23T03:07:11Z"
"spotify:track:11IzgLRXV7Cgek3tEgGgjw","Under Pressure - Remastered 2011","spotify:artist:1dfeR4HaWDbWqFHLkxsg1d, spotify:artist:0oSGxfWSnnOXhD2fKuz2Gy","Queen, David Bowie","spotify:album:0xc5IpJM39eEEYSKDrm5kf","Hot Space (Deluxe Remastered Version)","spotify:artist:1dfeR4HaWDbWqFHLkxsg1d","Queen","1982-05-03","https://i.scdn.co/image/ab67616d0000b273a1e05e1048e2cf2737adf742","1","11","248440","https://p.scdn.co/mp3-preview/56d7ebc86e340b1c6580ed95de9c277865c1e7f1?cid=9950ac751e34487dbbe027c4fd7f8e99","false","79","GBUM71029622","spotify:user:31eggmwgwd6b5f4672kiiveoehya","2026-06-29T10:50:09Z"
"spotify:track:6ks7YMIg6rXxOvaeQHaFp2","Tea Leaves","spotify:artist:00YTqRClk82aMchQQpYMd5","Our Last Night","spotify:album:4UHoW4tMtPmiQlBOvL5O36","Empires Fall","spotify:artist:00YTqRClk82aMchQQpYMd5","Our Last Night","2022-06-17","https://i.scdn.co/image/ab67616d0000b2736dfd41563a11d725d1aa3aef","1","5","214500","https://p.scdn.co/mp3-preview/1bbbe4c2d901263605c5cadbac9d3b41eaebc250?cid=9950ac751e34487dbbe027c4fd7f8e99","false","33","QZES62275270","spotify:user:31eggmwgwd6b5f4672kiiveoehya","2026-07-01T21:38:33Z"
"spotify:track:51dD8Lkie7e2ITDsB1y4Ui","Dehumanized","spotify:artist:1Ffb6ejR6Fe5IamqA5oRUF","Bring Me The Horizon","spotify:album:3EtyZfsxMwbL7xyWAh5xPi","Dehumanized","spotify:artist:1Ffb6ejR6Fe5IamqA5oRUF","Bring Me The Horizon","2026-06-25","https://i.scdn.co/image/ab67616d0000b27349741a08b50c2222b57a667d","1","1","268181","https://p.scdn.co/mp3-preview/936825dc974e1993010d8b17c4b28573ba0bcdc7?cid=9950ac751e34487dbbe027c4fd7f8e99","true","71","GBARL2600453","spotify:user:31eggmwgwd6b5f4672kiiveoehya","2026-07-04T03:16:39Z"
"spotify:track:47BA4z1J17AyfqrZAyXTk5","Roach","spotify:artist:31M8EXHYtEqOqVb1X7JRVe","Dead Poet Society","spotify:album:5NXnBoo1eu8bmjObrPbtKT","Roach","spotify:artist:31M8EXHYtEqOqVb1X7JRVe","Dead Poet Society","2026-06-25","https://i.scdn.co/image/ab67616d0000b27305b33a1ce4c8893021027973","1","1","161934","https://p.scdn.co/mp3-preview/b2444fcd932557cde9c45809a7884b3c7645afc9?cid=9950ac751e34487dbbe027c4fd7f8e99","true","57","GBPVV2600038","spotify:user:31eggmwgwd6b5f4672kiiveoehya","2026-07-04T03:19:48Z"
"spotify:track:48sJGpBLqQTs0sZ2ImHJof","Popular","spotify:artist:11zHPjHnZN0ACA50rSnTcy","Nada Surf","spotify:album:4o7LG3LUbq67bPNMitn00L","High/Low","spotify:artist:11zHPjHnZN0ACA50rSnTcy","Nada Surf","1996-06-18","https://i.scdn.co/image/ab67616d0000b273af01617e24d88a6359eb33fd","1","3","220586","https://p.scdn.co/mp3-preview/ccf61130bae3627f44eb8d4f74c0952aec6693e3?cid=9950ac751e34487dbbe027c4fd7f8e99","false","59","USEE10184230","spotify:user:31eggmwgwd6b5f4672kiiveoehya","2026-07-08T12:24:42Z"
"spotify:track:5gawwgpayyI5xRadHUAEvx","And the Snakes Start to Sing","spotify:artist:1Ffb6ejR6Fe5IamqA5oRUF","Bring Me The Horizon","spotify:album:6IYPmM3xsOPL2XPSvf1ZAz","Sempiternal (Expanded Edition)","spotify:artist:1Ffb6ejR6Fe5IamqA5oRUF","Bring Me The Horizon","2013-04-01","https://i.scdn.co/image/ab67616d0000b273566acaba72c5509e3887c4b0","1","7","301941","https://p.scdn.co/mp3-preview/bdeb7b20ac7dc0645ce3575ae34831e9a75ea58b?cid=9950ac751e34487dbbe027c4fd7f8e99","true","60","GBARL1202422","spotify:user:31eggmwgwd6b5f4672kiiveoehya","2026-07-08T16:05:18Z"
"spotify:track:40asHecynJF4GFjH7yRhHn","Alone In A Room","spotify:artist:1caBfBEapzw8z2Qz9q0OaQ","Asking Alexandria","spotify:album:0PvHln7STDbrd76g3VaumZ","Asking Alexandria","spotify:artist:1caBfBEapzw8z2Qz9q0OaQ","Asking Alexandria","2017-12-15","https://i.scdn.co/image/ab67616d0000b273cf4dfc39438982c7f920446f","1","1","245861","https://p.scdn.co/mp3-preview/a98e7a649c8d40ea18724e4016d2347e3516ba66?cid=9950ac751e34487dbbe027c4fd7f8e99","true","68","USYFZ1791101","spotify:user:31eggmwgwd6b5f4672kiiveoehya","2026-07-10T00:33:45Z"
"spotify:track:0H58GIlHwMvPF1rkgZ9idr","Don't Pray For Me","spotify:artist:1caBfBEapzw8z2Qz9q0OaQ","Asking Alexandria","spotify:album:4nnaYluUJPSqqZ5iJBdRFt","From Death To Destiny","spotify:artist:1caBfBEapzw8z2Qz9q0OaQ","Asking Alexandria","2013-01-01","https://i.scdn.co/image/ab67616d0000b27312cf295bb590b38f093d86f4","1","1","280350","https://p.scdn.co/mp3-preview/7fa1cde63e0b09f294ada522747f39169a8328d3?cid=9950ac751e34487dbbe027c4fd7f8e99","true","47","USYFZ1338601","spotify:user:31eggmwgwd6b5f4672kiiveoehya","2026-07-11T04:42:53Z"
"spotify:track:3UAd4S5WE0TTAXX7OoYwxj","Dehumanized","spotify:artist:1Ffb6ejR6Fe5IamqA5oRUF","Bring Me The Horizon","spotify:album:1v47s2Z5kdloRlVkxHcTWO","Count Your Blessings | Repented","spotify:artist:1Ffb6ejR6Fe5IamqA5oRUF","Bring Me The Horizon","2026-07-10","https://i.scdn.co/image/ab67616d0000b273f71b9303698be44cdede2ac8","1","11","268181","https://p.scdn.co/mp3-preview/2ed6d436e3454aa7eec919bd8244304e87d02235?cid=9950ac751e34487dbbe027c4fd7f8e99","true","70","GBARL2600453","spotify:user:31eggmwgwd6b5f4672kiiveoehya","2026-07-15T22:28:46Z"
"spotify:track:1f7ZlpU0pvNOuZ35aq9BxR",".AmericanBlood.","spotify:artist:31M8EXHYtEqOqVb1X7JRVe","Dead Poet Society","spotify:album:6tdWQvZKSlDcvEVO7Wtrek","-!- (Deluxe)","spotify:artist:31M8EXHYtEqOqVb1X7JRVe","Dead Poet Society","2021-12-03","https://i.scdn.co/image/ab67616d0000b273c38f0d9cbb43f048d8a6cc60","1","5","184320","https://p.scdn.co/mp3-preview/127471b5b216a6000be9a599065fa020a48dd82d?cid=9950ac751e34487dbbe027c4fd7f8e99","true","41","GBUM72003956","spotify:user:31eggmwgwd6b5f4672kiiveoehya","2026-07-16T22:02:20Z"
"spotify:track:74iVW9cpq9KxL7tjYutebt","Switchblade","spotify:artist:0NbQe5CNgh4YApOCDuHSjb","The Devil Wears Prada","spotify:album:7FPpD5hu0bVFjb35ERF1Rv","The Act","spotify:artist:0NbQe5CNgh4YApOCDuHSjb","The Devil Wears Prada","2019-10-11","https://i.scdn.co/image/ab67616d0000b273f71640333a684572d5a5e5b1","1","1","173193","https://p.scdn.co/mp3-preview/b040ab7ef477bead2ff6afeddfac9a99e02b41b3?cid=9950ac751e34487dbbe027c4fd7f8e99","false","31","QMGVJ1900183","spotify:user:31eggmwgwd6b5f4672kiiveoehya","2026-07-17T20:26:06Z"
"spotify:track:1Wocq2D0uSW4JEQRagxrNq","Isn't It Strange?","spotify:artist:0NbQe5CNgh4YApOCDuHSjb","The Devil Wears Prada","spotify:album:7FPpD5hu0bVFjb35ERF1Rv","The Act","spotify:artist:0NbQe5CNgh4YApOCDuHSjb","The Devil Wears Prada","2019-10-11","https://i.scdn.co/image/ab67616d0000b273f71640333a684572d5a5e5b1","1","8","175900","https://p.scdn.co/mp3-preview/a1db244a5d7157d5403189c6a7cea7e3dc04da65?cid=9950ac751e34487dbbe027c4fd7f8e99","false","28","QMGVJ1900190","spotify:user:31eggmwgwd6b5f4672kiiveoehya","2026-07-17T20:53:47Z"
"spotify:track:4mGHzFvAiRCSOPIpjLvf80","Chemical","spotify:artist:0NbQe5CNgh4YApOCDuHSjb","The Devil Wears Prada","spotify:album:7FPpD5hu0bVFjb35ERF1Rv","The Act","spotify:artist:0NbQe5CNgh4YApOCDuHSjb","The Devil Wears Prada","2019-10-11","https://i.scdn.co/image/ab67616d0000b273f71640333a684572d5a5e5b1","1","3","230141","https://p.scdn.co/mp3-preview/7aaba064b6cd18ad7cc734044049eb0e6785ea67?cid=9950ac751e34487dbbe027c4fd7f8e99","false","56","QMGVJ1900185","spotify:user:31eggmwgwd6b5f4672kiiveoehya","2026-07-17T20:58:23Z"
"spotify:track:4cDGa3JhRfCAFnxHJdshp2","Noise","spotify:artist:0NbQe5CNgh4YApOCDuHSjb","The Devil Wears Prada","spotify:album:5H93Egq9XH6M9R1mkxQDch","Color Decay","spotify:artist:0NbQe5CNgh4YApOCDuHSjb","The Devil Wears Prada","2022-09-16","https://i.scdn.co/image/ab67616d0000b2734b50b588c3142a93e0c4dc3e","1","4","222600","https://p.scdn.co/mp3-preview/172c26ac1d99637e5f1003825e588ee75b3b50c2?cid=9950ac751e34487dbbe027c4fd7f8e99","false","48","QMGVJ2200017","spotify:user:31eggmwgwd6b5f4672kiiveoehya","2026-07-17T21:12:14Z"
"spotify:track:5DJKLWcsgNVz4enOUTxvlo","GODMODE","spotify:artist:6tbLPxj1uQ6vsRQZI2YFCT","In This Moment","spotify:album:2HDHk9LaTZrkM688sk6Sfb","GODMODE","spotify:artist:6tbLPxj1uQ6vsRQZI2YFCT","In This Moment","2023-08-22","https://i.scdn.co/image/ab67616d0000b2731515afad93b6bea07804ef19","1","1","240938","https://p.scdn.co/mp3-preview/4f87d96ca87dde990263485b06111b3a68493dec?cid=9950ac751e34487dbbe027c4fd7f8e99","true","9","QMRSZ2301399","spotify:user:31eggmwgwd6b5f4672kiiveoehya","2026-07-28T20:44:03Z"
"spotify:track:14OiahDFnxh5A0xnvRrdB7","Adrenalize 1983","spotify:artist:6tbLPxj1uQ6vsRQZI2YFCT","In This Moment","spotify:album:2SuaoJ8hIFThVDZISz9P5T","Blood 1983","spotify:artist:6tbLPxj1uQ6vsRQZI2YFCT","In This Moment","2022-10-21","https://i.scdn.co/image/ab67616d0000b27396ad5087bbb1cd71f2b7a8ea","1","2","297215","https://p.scdn.co/mp3-preview/7cf642a59e9be813331772db8458cc542d54703b?cid=9950ac751e34487dbbe027c4fd7f8e99","false","26","QMRSZ2201507","spotify:user:31eggmwgwd6b5f4672kiiveoehya","2026-07-28T21:00:40Z"
"spotify:track:27ce3PuoDdndLsktG0RvfV","Blood","spotify:artist:6tbLPxj1uQ6vsRQZI2YFCT","In This Moment","spotify:album:2vS8ldvz5bk6aJ5HAYMBMw","Rise of the Blood Legion- The Best of (Chapter 1)","spotify:artist:6tbLPxj1uQ6vsRQZI2YFCT","In This Moment","2015-05-05","https://i.scdn.co/image/ab67616d0000b27327bb465d2555540040f2d6dd","1","12","207746","https://p.scdn.co/mp3-preview/ed6d44a450fdf8d69eeac1bd3192f57eecf4b94b?cid=9950ac751e34487dbbe027c4fd7f8e99","true","51","US4E41524412","spotify:user:31eggmwgwd6b5f4672kiiveoehya","2026-07-30T14:22:57Z"
"spotify:track:6fWjOKcJ1Jvn8XuEgrKOPQ","-Thorns ov Whimsy-","spotify:artist:6UOj6bnlUMdfLXvJgRRtPH, spotify:artist:0D6Ybrb8LMzCfIKHzqDzJT, spotify:artist:40JgUvZi5vuguBTlUulWhe","Tyler Rossow, Dream Elixir, Freshman Biology","spotify:album:6N4tXeYskEzZrsSq5N6tZk","-Thorns ov Whimsy-","spotify:artist:6UOj6bnlUMdfLXvJgRRtPH","Tyler Rossow","2026-04-17","https://i.scdn.co/image/ab67616d0000b273fffd0c465698a6d08237835c","1","1","222424","https://p.scdn.co/mp3-preview/a8a3f9ce4c683829517dfaa98a11abd8b3a71782?cid=9950ac751e34487dbbe027c4fd7f8e99","false","10","QZTAT2664938","spotify:user:31eggmwgwd6b5f4672kiiveoehya","2026-08-03T16:06:51Z"
"spotify:track:1PWFyfV7yYhlxHZX2g25wS","ouch","spotify:artist:1Ffb6ejR6Fe5IamqA5oRUF","Bring Me The Horizon","spotify:album:04mkS7FooK8fRbB626T9NR","amo","spotify:artist:1Ffb6ejR6Fe5IamqA5oRUF","Bring Me The Horizon","2019-01-25","https://i.scdn.co/image/ab67616d0000b27380e541ced42d5d6300745735","1","6","109011","https://p.scdn.co/mp3-preview/097ae31a40a3ea4f0b33bf48dc698735f244d046?cid=9950ac751e34487dbbe027c4fd7f8e99","true","51","GBARL1801497","spotify:user:31eggmwgwd6b5f4672kiiveoehya","2026-08-23T11:30:07Z"
"spotify:track:24l3mfIPWVa645a9LEwSHx","YOUtopia","spotify:artist:1Ffb6ejR6Fe5IamqA5oRUF","Bring Me The Horizon","spotify:album:1k7OXnGQPV4zF3seDwRroD","POST HUMAN: NeX GEn","spotify:artist:1Ffb6ejR6Fe5IamqA5oRUF","Bring Me The Horizon","2024-05-24","https://i.scdn.co/image/ab67616d0000b273df51a3d66223e5b01813e0c4","1","2","242662","https://p.scdn.co/mp3-preview/b044fd68f1a77c9b660feeb943fb1477ffbb9214?cid=9950ac751e34487dbbe027c4fd7f8e99","false","64","GBARL2400558","spotify:user:31eggmwgwd6b5f4672kiiveoehya","2026-08-24T10:55:29Z"
"spotify:track:7g4hIeYVk3h5qQXb9RLeXP","Top 10 staTues tHat CriEd bloOd","spotify:artist:1Ffb6ejR6Fe5IamqA5oRUF","Bring Me The Horizon","spotify:album:1k7OXnGQPV4zF3seDwRroD","POST HUMAN: NeX GEn","spotify:artist:1Ffb6ejR6Fe5IamqA5oRUF","Bring Me The Horizon","2024-05-24","https://i.scdn.co/image/ab67616d0000b273df51a3d66223e5b01813e0c4","1","4","240590","https://p.scdn.co/mp3-preview/b278fc2da6019f51cbe0641dd66955b9e306030d?cid=9950ac751e34487dbbe027c4fd7f8e99","false","65","GBARL2400277","spotify:user:31eggmwgwd6b5f4672kiiveoehya","2026-08-24T11:06:35Z"
"spotify:track:6hXCQgN8DsyqymS0MfERpM","DiE4u","spotify:artist:1Ffb6ejR6Fe5IamqA5oRUF","Bring Me The Horizon","spotify:album:1k7OXnGQPV4zF3seDwRroD","POST HUMAN: NeX GEn","spotify:artist:1Ffb6ejR6Fe5IamqA5oRUF","Bring Me The Horizon","2024-05-24","https://i.scdn.co/image/ab67616d0000b273df51a3d66223e5b01813e0c4","1","15","207114","https://p.scdn.co/mp3-preview/d1353f4390a2a08b5f16bd979b5ebe52cadaa308?cid=9950ac751e34487dbbe027c4fd7f8e99","true","62","GBARL2101316","spotify:user:31eggmwgwd6b5f4672kiiveoehya","2026-08-24T11:43:20Z"
"spotify:track:36xBFaVGjqm7le8CTHytUj","Parasite Eve","spotify:artist:1Ffb6ejR6Fe5IamqA5oRUF","Bring Me The Horizon","spotify:album:0e1WaSNDZnoPixaxDNdWo4","POST HUMAN: SURVIVAL HORROR","spotify:artist:1Ffb6ejR6Fe5IamqA5oRUF","Bring Me The Horizon","2020-10-30","https://i.scdn.co/image/ab67616d0000b2735149c948fde506624246a684","1","2","291812","https://p.scdn.co/mp3-preview/7aee1f3ec111a489016b2f3f9c613558c759038e?cid=9950ac751e34487dbbe027c4fd7f8e99","true","69","GBARL2000489","spotify:user:31eggmwgwd6b5f4672kiiveoehya","2026-08-24T12:00:15Z"
"spotify:track:7CAbF0By0Fpnbiu6Xn5ZF7","Kingslayer (feat. BABYMETAL)","spotify:artist:1Ffb6ejR6Fe5IamqA5oRUF, spotify:artist:630wzNP2OL7fl4Xl0GnMWq","Bring Me The Horizon, BABYMETAL","spotify:album:0e1WaSNDZnoPixaxDNdWo4","POST HUMAN: SURVIVAL HORROR","spotify:artist:1Ffb6ejR6Fe5IamqA5oRUF","Bring Me The Horizon","2020-10-30","https://i.scdn.co/image/ab67616d0000b2735149c948fde506624246a684","1","6","220041","https://p.scdn.co/mp3-preview/b193862ab3411b2340e4272a197e67e57711ff14?cid=9950ac751e34487dbbe027c4fd7f8e99","true","77","GBARL2001276","spotify:user:31eggmwgwd6b5f4672kiiveoehya","2026-08-24T13:16:24Z"
"spotify:track:0zEKOcdfzNkvW1OFnazAQO","sugar honey ice & tea - Edit","spotify:artist:1Ffb6ejR6Fe5IamqA5oRUF","Bring Me The Horizon","spotify:album:2442fVHcs5gEuDXgRHespx","sugar honey ice & tea (Edit)","spotify:artist:1Ffb6ejR6Fe5IamqA5oRUF","Bring Me The Horizon","2019-07-26","https://i.scdn.co/image/ab67616d0000b273b4478ec49b6e1cb6f02e01e6","1","1","215712","https://p.scdn.co/mp3-preview/919ed55460554373fa4f5ac98de1decbdccd4b98?cid=9950ac751e34487dbbe027c4fd7f8e99","false","39","GBARL1900821","spotify:user:31eggmwgwd6b5f4672kiiveoehya","2026-08-24T16:24:55Z"
"spotify:track:4ZWmM8ko4lf5Spd2sVPW7X","Sick of the Sun","spotify:artist:5mlbvTfWUOfDrUIK6dkNzv","Poppy","spotify:album:6kfpsglFWonoOZlJ8XnMuG","I Disagree","spotify:artist:5mlbvTfWUOfDrUIK6dkNzv","Poppy","2020-01-10","https://i.scdn.co/image/ab67616d0000b273281254a268a229556d982056","1","9","191543","https://p.scdn.co/mp3-preview/c0c0fa74a68150c65d714fe4021bd470671f4ab8?cid=9950ac751e34487dbbe027c4fd7f8e99","false","42","USYFZ1924109","spotify:user:31eggmwgwd6b5f4672kiiveoehya","2026-08-31T14:09:29Z"
"spotify:track:1J9LMPNva2YDKJb56mi4Ks","I Disagree","spotify:artist:5mlbvTfWUOfDrUIK6dkNzv","Poppy","spotify:album:6JweFHSJ58P9oc5m0TVLMj","BLOODMONEY","spotify:artist:5mlbvTfWUOfDrUIK6dkNzv","Poppy","2019-11-06","https://i.scdn.co/image/ab67616d0000b2731c458ea720f1cbab7610ed88","1","2","193499","https://p.scdn.co/mp3-preview/0fa0784d6f9acf77d2fcd26a400576e991b82e1d?cid=9950ac751e34487dbbe027c4fd7f8e99","false","13","USYFZ1924102","spotify:user:31eggmwgwd6b5f4672kiiveoehya","2026-08-31T14:24:33Z"
